Date,Time,Src IP,Dst IP,Byte Size
2024-03-27,14:21:44,"('3.83.66.164', 443)","('10.3.141.106', 49326)",[28]
2024-03-27,14:21:44,"('3.83.66.164', 443)","('10.3.141.106', 49326)",[137]
2024-03-27,14:21:44,"('10.3.141.106', 49326)","('3.83.66.164', 443)","[28, 74]"
2024-03-27,14:21:44,"('3.83.66.164', 443)","('10.3.141.106', 49326)",[28]
2024-03-27,14:21:44,"('3.83.66.164', 443)","('10.3.141.106', 49326)",[60]
2024-03-27,14:22:13,"('3.83.66.164', 443)","('10.3.141.106', 49326)",[28]
2024-03-27,14:22:13,"('3.83.66.164', 443)","('10.3.141.106', 49326)",[56]
2024-03-27,14:22:13,"('10.3.141.106', 49326)","('3.83.66.164', 443)","[28, 60]"
2024-03-27,14:22:34,"('52.36.92.236', 443)","('10.3.141.126', 47036)",[219]
2024-03-27,14:22:34,"('10.3.141.126', 47036)","('52.36.92.236', 443)",[690]
2024-03-27,14:22:34,"('10.3.141.126', 47036)","('52.36.92.236', 443)",[29]
2024-03-27,14:22:35,"('35.155.46.81', 443)","('10.3.141.126', 34880)",[216]
2024-03-27,14:22:35,"('35.155.46.81', 443)","('10.3.141.126', 34880)",[70]
2024-03-27,14:22:35,"('10.3.141.126', 34880)","('35.155.46.81', 443)",[28]
2024-03-27,14:22:35,"('35.155.46.81', 443)","('10.3.141.126', 34880)",[63]
2024-03-27,14:22:35,"('10.3.141.126', 34880)","('35.155.46.81', 443)",[29]
2024-03-27,14:22:35,"('10.3.141.126', 34880)","('35.155.46.81', 443)",[29]
2024-03-27,14:22:35,"('52.49.77.114', 443)","('10.3.141.126', 58610)",[416]
2024-03-27,14:22:36,"('52.49.77.114', 443)","('10.3.141.126', 58618)",[836]
2024-03-27,14:22:36,"('10.3.141.126', 58610)","('52.49.77.114', 443)",[784]
2024-03-27,14:22:36,"('10.3.141.126', 58610)","('52.49.77.114', 443)",[29]
2024-03-27,14:22:36,"('10.3.141.126', 58618)","('52.49.77.114', 443)",[690]
2024-03-27,14:22:36,"('10.3.141.126', 58618)","('52.49.77.114', 443)",[29]
2024-03-27,14:22:36,"('52.49.77.114', 443)","('10.3.141.126', 58610)",[794]
2024-03-27,14:22:36,"('52.49.77.114', 443)","('10.3.141.126', 58618)",[1251]
2024-03-27,14:22:36,"('10.3.141.126', 58610)","('52.49.77.114', 443)",[690]
2024-03-27,14:22:36,"('10.3.141.126', 58610)","('52.49.77.114', 443)",[29]
2024-03-27,14:22:36,"('52.49.77.114', 443)","('10.3.141.126', 58610)",[726]
2024-03-27,14:22:36,"('10.3.141.126', 58618)","('52.49.77.114', 443)",[704]
2024-03-27,14:22:36,"('10.3.141.126', 58618)","('52.49.77.114', 443)",[29]
2024-03-27,14:22:36,"('52.49.77.114', 443)","('10.3.141.126', 58618)",[592]
2024-03-27,14:22:36,"('10.3.141.126', 58610)","('52.49.77.114', 443)","[690, 29]"
2024-03-27,14:22:36,"('52.49.77.114', 443)","('10.3.141.126', 58610)",[1152]
2024-03-27,14:22:36,"('10.3.141.126', 58618)","('52.49.77.114', 443)",[690]
2024-03-27,14:22:36,"('10.3.141.126', 58618)","('52.49.77.114', 443)",[29]
2024-03-27,14:22:36,"('10.3.141.126', 58610)","('52.49.77.114', 443)","[704, 29]"
2024-03-27,14:22:36,"('52.49.77.114', 443)","('10.3.141.126', 58610)",[626]
2024-03-27,14:22:36,"('10.3.141.126', 58610)","('52.49.77.114', 443)","[704, 29]"
2024-03-27,14:22:36,"('10.3.141.126', 58610)","('52.49.77.114', 443)","[690, 29]"
2024-03-27,14:22:36,"('52.49.77.114', 443)","('10.3.141.126', 58610)",[599]
2024-03-27,14:22:37,"('10.3.141.126', 58610)","('52.49.77.114', 443)","[690, 29]"
2024-03-27,14:22:42,"('3.83.66.164', 443)","('10.3.141.106', 49326)",[28]
2024-03-27,14:22:42,"('3.83.66.164', 443)","('10.3.141.106', 49326)",[56]
2024-03-27,14:22:42,"('10.3.141.106', 49326)","('3.83.66.164', 443)","[28, 60]"
2024-03-27,14:23:11,"('3.83.66.164', 443)","('10.3.141.106', 49326)",[28]
2024-03-27,14:23:11,"('3.83.66.164', 443)","('10.3.141.106', 49326)",[56]
2024-03-27,14:23:11,"('10.3.141.106', 49326)","('3.83.66.164', 443)","[28, 60]"
2024-03-27,14:23:40,"('3.83.66.164', 443)","('10.3.141.106', 49326)",[28]
2024-03-27,14:23:40,"('3.83.66.164', 443)","('10.3.141.106', 49326)",[56]
2024-03-27,14:23:40,"('10.3.141.106', 49326)","('3.83.66.164', 443)",[28]
2024-03-27,14:23:40,"('10.3.141.106', 49326)","('3.83.66.164', 443)",[60]
2024-03-27,14:24:09,"('3.83.66.164', 443)","('10.3.141.106', 49326)",[28]
2024-03-27,14:24:09,"('3.83.66.164', 443)","('10.3.141.106', 49326)",[56]
2024-03-27,14:24:09,"('10.3.141.106', 49326)","('3.83.66.164', 443)",[28]
2024-03-27,14:24:09,"('10.3.141.106', 49326)","('3.83.66.164', 443)",[60]
2024-03-27,14:24:38,"('3.83.66.164', 443)","('10.3.141.106', 49326)",[28]
2024-03-27,14:24:38,"('3.83.66.164', 443)","('10.3.141.106', 49326)",[56]
2024-03-27,14:24:38,"('10.3.141.106', 49326)","('3.83.66.164', 443)",[28]
2024-03-27,14:24:38,"('10.3.141.106', 49326)","('3.83.66.164', 443)",[60]
2024-03-27,14:25:07,"('3.83.66.164', 443)","('10.3.141.106', 49326)",[28]
2024-03-27,14:25:07,"('3.83.66.164', 443)","('10.3.141.106', 49326)",[56]
2024-03-27,14:25:07,"('10.3.141.106', 49326)","('3.83.66.164', 443)",[28]
2024-03-27,14:25:07,"('10.3.141.106', 49326)","('3.83.66.164', 443)",[60]
2024-03-27,14:25:36,"('3.83.66.164', 443)","('10.3.141.106', 49326)",[28]
2024-03-27,14:25:36,"('3.83.66.164', 443)","('10.3.141.106', 49326)",[56]
2024-03-27,14:25:36,"('10.3.141.106', 49326)","('3.83.66.164', 443)","[28, 60]"
2024-03-27,14:25:51,"('52.49.77.114', 443)","('10.3.141.126', 33290)",[589]
2024-03-27,14:25:51,"('52.49.77.114', 443)","('10.3.141.126', 33296)",[500]
2024-03-27,14:25:51,"('10.3.141.126', 33290)","('52.49.77.114', 443)",[690]
2024-03-27,14:25:51,"('10.3.141.126', 33290)","('52.49.77.114', 443)",[29]
2024-03-27,14:25:51,"('10.3.141.126', 33296)","('52.49.77.114', 443)",[690]
2024-03-27,14:25:51,"('10.3.141.126', 33296)","('52.49.77.114', 443)",[29]
2024-03-27,14:26:05,"('3.83.66.164', 443)","('10.3.141.106', 49326)",[28]
2024-03-27,14:26:05,"('3.83.66.164', 443)","('10.3.141.106', 49326)",[56]
2024-03-27,14:26:05,"('10.3.141.106', 49326)","('3.83.66.164', 443)","[28, 60]"
2024-03-27,14:26:34,"('3.83.66.164', 443)","('10.3.141.106', 49326)",[28]
2024-03-27,14:26:34,"('3.83.66.164', 443)","('10.3.141.106', 49326)",[56]
2024-03-27,14:26:34,"('10.3.141.106', 49326)","('3.83.66.164', 443)",[28]
2024-03-27,14:26:34,"('10.3.141.106', 49326)","('3.83.66.164', 443)",[60]
2024-03-27,14:27:03,"('3.83.66.164', 443)","('10.3.141.106', 49326)",[28]
2024-03-27,14:27:03,"('3.83.66.164', 443)","('10.3.141.106', 49326)",[56]
2024-03-27,14:27:03,"('10.3.141.106', 49326)","('3.83.66.164', 443)","[28, 60]"
2024-03-27,14:27:32,"('3.83.66.164', 443)","('10.3.141.106', 49326)",[28]
2024-03-27,14:27:32,"('3.83.66.164', 443)","('10.3.141.106', 49326)",[56]
2024-03-27,14:27:32,"('10.3.141.106', 49326)","('3.83.66.164', 443)","[28, 60]"
2024-03-27,14:28:01,"('3.83.66.164', 443)","('10.3.141.106', 49326)",[28]
2024-03-27,14:28:01,"('3.83.66.164', 443)","('10.3.141.106', 49326)",[56]
2024-03-27,14:28:01,"('10.3.141.106', 49326)","('3.83.66.164', 443)","[28, 60]"
2024-03-27,14:28:30,"('3.83.66.164', 443)","('10.3.141.106', 49326)",[28]
2024-03-27,14:28:30,"('3.83.66.164', 443)","('10.3.141.106', 49326)",[56]
2024-03-27,14:28:30,"('10.3.141.106', 49326)","('3.83.66.164', 443)","[28, 60]"
2024-03-27,14:28:59,"('3.83.66.164', 443)","('10.3.141.106', 49326)",[28]
2024-03-27,14:28:59,"('3.83.66.164', 443)","('10.3.141.106', 49326)",[56]
2024-03-27,14:28:59,"('10.3.141.106', 49326)","('3.83.66.164', 443)","[28, 60]"
2024-03-27,14:29:28,"('3.83.66.164', 443)","('10.3.141.106', 49326)",[28]
2024-03-27,14:29:28,"('3.83.66.164', 443)","('10.3.141.106', 49326)",[56]
2024-03-27,14:29:28,"('10.3.141.106', 49326)","('3.83.66.164', 443)","[28, 60]"
2024-03-27,14:29:57,"('3.83.66.164', 443)","('10.3.141.106', 49326)",[28]
2024-03-27,14:29:57,"('3.83.66.164', 443)","('10.3.141.106', 49326)",[56]
2024-03-27,14:29:57,"('10.3.141.106', 49326)","('3.83.66.164', 443)","[28, 60]"
2024-03-27,14:30:26,"('3.83.66.164', 443)","('10.3.141.106', 49326)",[28]
2024-03-27,14:30:26,"('3.83.66.164', 443)","('10.3.141.106', 49326)",[56]
2024-03-27,14:30:26,"('10.3.141.106', 49326)","('3.83.66.164', 443)","[28, 60]"
2024-03-27,14:30:53,"('52.49.77.114', 443)","('10.3.141.126', 45542)",[590]
2024-03-27,14:30:54,"('10.3.141.126', 45542)","('52.49.77.114', 443)","[690, 29]"
2024-03-27,14:30:54,"('52.49.77.114', 443)","('10.3.141.126', 45558)",[501]
2024-03-27,14:30:54,"('10.3.141.126', 45558)","('52.49.77.114', 443)",[690]
2024-03-27,14:30:54,"('10.3.141.126', 45558)","('52.49.77.114', 443)",[29]
2024-03-27,14:30:55,"('3.83.66.164', 443)","('10.3.141.106', 49326)",[28]
2024-03-27,14:30:55,"('3.83.66.164', 443)","('10.3.141.106', 49326)",[56]
2024-03-27,14:30:55,"('10.3.141.106', 49326)","('3.83.66.164', 443)",[28]
2024-03-27,14:30:55,"('10.3.141.106', 49326)","('3.83.66.164', 443)",[60]
2024-03-27,14:31:24,"('3.83.66.164', 443)","('10.3.141.106', 49326)",[28]
2024-03-27,14:31:24,"('3.83.66.164', 443)","('10.3.141.106', 49326)",[56]
2024-03-27,14:31:24,"('10.3.141.106', 49326)","('3.83.66.164', 443)",[28]
2024-03-27,14:31:24,"('10.3.141.106', 49326)","('3.83.66.164', 443)",[60]
2024-03-27,14:31:53,"('3.83.66.164', 443)","('10.3.141.106', 49326)",[28]
2024-03-27,14:31:53,"('3.83.66.164', 443)","('10.3.141.106', 49326)",[56]
2024-03-27,14:31:53,"('10.3.141.106', 49326)","('3.83.66.164', 443)",[28]
2024-03-27,14:31:53,"('10.3.141.106', 49326)","('3.83.66.164', 443)",[60]
2024-03-27,14:32:22,"('3.83.66.164', 443)","('10.3.141.106', 49326)",[28]
2024-03-27,14:32:22,"('3.83.66.164', 443)","('10.3.141.106', 49326)",[56]
2024-03-27,14:32:22,"('10.3.141.106', 49326)","('3.83.66.164', 443)",[28]
2024-03-27,14:32:22,"('10.3.141.106', 49326)","('3.83.66.164', 443)",[60]
2024-03-27,14:32:51,"('3.83.66.164', 443)","('10.3.141.106', 49326)",[28]
2024-03-27,14:32:51,"('3.83.66.164', 443)","('10.3.141.106', 49326)",[56]
2024-03-27,14:32:51,"('10.3.141.106', 49326)","('3.83.66.164', 443)",[28]
2024-03-27,14:32:51,"('10.3.141.106', 49326)","('3.83.66.164', 443)",[60]
2024-03-27,14:33:20,"('3.83.66.164', 443)","('10.3.141.106', 49326)",[28]
2024-03-27,14:33:20,"('3.83.66.164', 443)","('10.3.141.106', 49326)",[56]
2024-03-27,14:33:20,"('10.3.141.106', 49326)","('3.83.66.164', 443)",[28]
2024-03-27,14:33:20,"('10.3.141.106', 49326)","('3.83.66.164', 443)",[60]
2024-03-27,14:33:49,"('3.83.66.164', 443)","('10.3.141.106', 49326)",[28]
2024-03-27,14:33:49,"('3.83.66.164', 443)","('10.3.141.106', 49326)",[56]
2024-03-27,14:33:49,"('10.3.141.106', 49326)","('3.83.66.164', 443)",[28]
2024-03-27,14:33:49,"('10.3.141.106', 49326)","('3.83.66.164', 443)",[60]
2024-03-27,14:34:18,"('3.83.66.164', 443)","('10.3.141.106', 49326)",[28]
2024-03-27,14:34:18,"('3.83.66.164', 443)","('10.3.141.106', 49326)",[56]
2024-03-27,14:34:18,"('10.3.141.106', 49326)","('3.83.66.164', 443)","[28, 60]"
2024-03-27,14:34:47,"('3.83.66.164', 443)","('10.3.141.106', 49326)",[28]
2024-03-27,14:34:47,"('3.83.66.164', 443)","('10.3.141.106', 49326)",[56]
2024-03-27,14:34:47,"('10.3.141.106', 49326)","('3.83.66.164', 443)","[28, 60]"
2024-03-27,14:35:16,"('3.83.66.164', 443)","('10.3.141.106', 49326)",[28]
2024-03-27,14:35:16,"('3.83.66.164', 443)","('10.3.141.106', 49326)",[56]
2024-03-27,14:35:16,"('10.3.141.106', 49326)","('3.83.66.164', 443)",[28]
2024-03-27,14:35:16,"('10.3.141.106', 49326)","('3.83.66.164', 443)",[60]
2024-03-27,14:35:45,"('3.83.66.164', 443)","('10.3.141.106', 49326)",[28]
2024-03-27,14:35:45,"('3.83.66.164', 443)","('10.3.141.106', 49326)",[56]
2024-03-27,14:35:45,"('10.3.141.106', 49326)","('3.83.66.164', 443)",[28]
2024-03-27,14:35:45,"('10.3.141.106', 49326)","('3.83.66.164', 443)",[60]
2024-03-27,14:36:14,"('3.83.66.164', 443)","('10.3.141.106', 49326)",[28]
2024-03-27,14:36:14,"('3.83.66.164', 443)","('10.3.141.106', 49326)",[56]
2024-03-27,14:36:14,"('10.3.141.106', 49326)","('3.83.66.164', 443)",[28]
2024-03-27,14:36:14,"('10.3.141.106', 49326)","('3.83.66.164', 443)",[60]
2024-03-27,14:36:43,"('3.83.66.164', 443)","('10.3.141.106', 49326)",[28]
2024-03-27,14:36:43,"('3.83.66.164', 443)","('10.3.141.106', 49326)",[56]
2024-03-27,14:36:43,"('10.3.141.106', 49326)","('3.83.66.164', 443)",[28]
2024-03-27,14:36:43,"('10.3.141.106', 49326)","('3.83.66.164', 443)",[60]
2024-03-27,14:37:12,"('3.83.66.164', 443)","('10.3.141.106', 49326)",[28]
2024-03-27,14:37:12,"('3.83.66.164', 443)","('10.3.141.106', 49326)",[56]
2024-03-27,14:37:12,"('10.3.141.106', 49326)","('3.83.66.164', 443)",[28]
2024-03-27,14:37:12,"('10.3.141.106', 49326)","('3.83.66.164', 443)",[60]
2024-03-27,14:37:41,"('3.83.66.164', 443)","('10.3.141.106', 49326)",[28]
2024-03-27,14:37:41,"('3.83.66.164', 443)","('10.3.141.106', 49326)",[56]
2024-03-27,14:37:41,"('10.3.141.106', 49326)","('3.83.66.164', 443)","[28, 60]"
2024-03-27,14:38:10,"('3.83.66.164', 443)","('10.3.141.106', 49326)",[28]
2024-03-27,14:38:10,"('3.83.66.164', 443)","('10.3.141.106', 49326)",[56]
2024-03-27,14:38:10,"('10.3.141.106', 49326)","('3.83.66.164', 443)","[28, 60]"
2024-03-27,14:38:39,"('3.83.66.164', 443)","('10.3.141.106', 49326)",[28]
2024-03-27,14:38:39,"('3.83.66.164', 443)","('10.3.141.106', 49326)",[56]
2024-03-27,14:38:39,"('10.3.141.106', 49326)","('3.83.66.164', 443)","[28, 60]"
2024-03-27,14:39:08,"('3.83.66.164', 443)","('10.3.141.106', 49326)",[28]
2024-03-27,14:39:08,"('3.83.66.164', 443)","('10.3.141.106', 49326)",[56]
2024-03-27,14:39:08,"('10.3.141.106', 49326)","('3.83.66.164', 443)","[28, 60]"
2024-03-27,14:39:37,"('3.83.66.164', 443)","('10.3.141.106', 49326)",[28]
2024-03-27,14:39:37,"('3.83.66.164', 443)","('10.3.141.106', 49326)",[56]
2024-03-27,14:39:37,"('10.3.141.106', 49326)","('3.83.66.164', 443)","[28, 60]"
2024-03-27,14:40:06,"('3.83.66.164', 443)","('10.3.141.106', 49326)",[28]
2024-03-27,14:40:06,"('3.83.66.164', 443)","('10.3.141.106', 49326)",[56]
2024-03-27,14:40:06,"('10.3.141.106', 49326)","('3.83.66.164', 443)",[28]
2024-03-27,14:40:06,"('10.3.141.106', 49326)","('3.83.66.164', 443)",[60]
2024-03-27,14:40:35,"('3.83.66.164', 443)","('10.3.141.106', 49326)",[28]
2024-03-27,14:40:35,"('3.83.66.164', 443)","('10.3.141.106', 49326)",[56]
2024-03-27,14:40:35,"('10.3.141.106', 49326)","('3.83.66.164', 443)",[28]
2024-03-27,14:40:35,"('10.3.141.106', 49326)","('3.83.66.164', 443)",[60]
2024-03-27,14:40:59,"('34.249.173.233', 443)","('10.3.141.126', 37544)",[590]
2024-03-27,14:40:59,"('34.249.173.233', 443)","('10.3.141.126', 37548)",[501]
2024-03-27,14:40:59,"('10.3.141.126', 37544)","('34.249.173.233', 443)",[690]
2024-03-27,14:40:59,"('10.3.141.126', 37544)","('34.249.173.233', 443)",[29]
2024-03-27,14:40:59,"('10.3.141.126', 37548)","('34.249.173.233', 443)",[690]
2024-03-27,14:40:59,"('10.3.141.126', 37548)","('34.249.173.233', 443)",[29]
2024-03-27,14:41:04,"('3.83.66.164', 443)","('10.3.141.106', 49326)",[28]
2024-03-27,14:41:04,"('3.83.66.164', 443)","('10.3.141.106', 49326)",[56]
2024-03-27,14:41:04,"('10.3.141.106', 49326)","('3.83.66.164', 443)",[28]
2024-03-27,14:41:04,"('10.3.141.106', 49326)","('3.83.66.164', 443)",[60]
2024-03-27,14:41:33,"('3.83.66.164', 443)","('10.3.141.106', 49326)","[28, 56]"
2024-03-27,14:41:33,"('10.3.141.106', 49326)","('3.83.66.164', 443)",[28]
2024-03-27,14:41:33,"('10.3.141.106', 49326)","('3.83.66.164', 443)",[60]
2024-03-27,14:41:48,"('3.83.66.164', 443)","('10.3.141.106', 49326)",[28]
2024-03-27,14:41:48,"('3.83.66.164', 443)","('10.3.141.106', 49326)",[504]
2024-03-27,14:42:02,"('3.83.66.164', 443)","('10.3.141.106', 49326)",[28]
2024-03-27,14:42:02,"('3.83.66.164', 443)","('10.3.141.106', 49326)",[56]
2024-03-27,14:42:02,"('10.3.141.106', 49326)","('3.83.66.164', 443)",[28]
2024-03-27,14:42:02,"('10.3.141.106', 49326)","('3.83.66.164', 443)",[60]
2024-03-27,14:42:31,"('3.83.66.164', 443)","('10.3.141.106', 49326)",[28]
2024-03-27,14:42:31,"('3.83.66.164', 443)","('10.3.141.106', 49326)",[56]
2024-03-27,14:42:31,"('10.3.141.106', 49326)","('3.83.66.164', 443)",[28]
2024-03-27,14:42:31,"('10.3.141.106', 49326)","('3.83.66.164', 443)",[60]
2024-03-27,14:43:00,"('3.83.66.164', 443)","('10.3.141.106', 49326)",[28]
2024-03-27,14:43:00,"('3.83.66.164', 443)","('10.3.141.106', 49326)",[56]
2024-03-27,14:43:00,"('10.3.141.106', 49326)","('3.83.66.164', 443)",[28]
2024-03-27,14:43:00,"('10.3.141.106', 49326)","('3.83.66.164', 443)",[60]
2024-03-27,14:43:29,"('3.83.66.164', 443)","('10.3.141.106', 49326)",[28]
2024-03-27,14:43:29,"('3.83.66.164', 443)","('10.3.141.106', 49326)",[56]
2024-03-27,14:43:29,"('10.3.141.106', 49326)","('3.83.66.164', 443)","[28, 60]"
2024-03-27,14:43:58,"('3.83.66.164', 443)","('10.3.141.106', 49326)",[28]
2024-03-27,14:43:58,"('3.83.66.164', 443)","('10.3.141.106', 49326)",[56]
2024-03-27,14:43:58,"('10.3.141.106', 49326)","('3.83.66.164', 443)","[28, 60]"
2024-03-27,14:44:27,"('3.83.66.164', 443)","('10.3.141.106', 49326)",[28]
2024-03-27,14:44:27,"('3.83.66.164', 443)","('10.3.141.106', 49326)",[56]
2024-03-27,14:44:27,"('10.3.141.106', 49326)","('3.83.66.164', 443)",[28]
2024-03-27,14:44:27,"('10.3.141.106', 49326)","('3.83.66.164', 443)",[60]
2024-03-27,14:44:56,"('3.83.66.164', 443)","('10.3.141.106', 49326)",[28]
2024-03-27,14:44:56,"('3.83.66.164', 443)","('10.3.141.106', 49326)",[56]
2024-03-27,14:44:56,"('10.3.141.106', 49326)","('3.83.66.164', 443)","[28, 60]"
2024-03-27,14:45:25,"('3.83.66.164', 443)","('10.3.141.106', 49326)",[28]
2024-03-27,14:45:25,"('3.83.66.164', 443)","('10.3.141.106', 49326)",[56]
2024-03-27,14:45:25,"('10.3.141.106', 49326)","('3.83.66.164', 443)","[28, 60]"
2024-03-27,14:45:54,"('3.83.66.164', 443)","('10.3.141.106', 49326)",[28]
2024-03-27,14:45:54,"('3.83.66.164', 443)","('10.3.141.106', 49326)",[56]
2024-03-27,14:45:54,"('10.3.141.106', 49326)","('3.83.66.164', 443)","[28, 60]"
2024-03-27,14:46:01,"('34.249.173.233', 443)","('10.3.141.126', 54662)",[590]
2024-03-27,14:46:01,"('34.249.173.233', 443)","('10.3.141.126', 54674)",[501]
2024-03-27,14:46:01,"('10.3.141.126', 54662)","('34.249.173.233', 443)",[690]
2024-03-27,14:46:01,"('10.3.141.126', 54662)","('34.249.173.233', 443)",[29]
2024-03-27,14:46:02,"('10.3.141.126', 54674)","('34.249.173.233', 443)",[690]
2024-03-27,14:46:02,"('10.3.141.126', 54674)","('34.249.173.233', 443)",[29]
2024-03-27,14:46:23,"('3.83.66.164', 443)","('10.3.141.106', 49326)",[28]
2024-03-27,14:46:23,"('3.83.66.164', 443)","('10.3.141.106', 49326)",[56]
2024-03-27,14:46:23,"('10.3.141.106', 49326)","('3.83.66.164', 443)","[28, 60]"
2024-03-27,14:46:52,"('3.83.66.164', 443)","('10.3.141.106', 49326)",[28]
2024-03-27,14:46:52,"('3.83.66.164', 443)","('10.3.141.106', 49326)",[56]
2024-03-27,14:46:52,"('10.3.141.106', 49326)","('3.83.66.164', 443)","[28, 60]"
2024-03-27,14:47:21,"('3.83.66.164', 443)","('10.3.141.106', 49326)",[28]
2024-03-27,14:47:21,"('3.83.66.164', 443)","('10.3.141.106', 49326)",[56]
2024-03-27,14:47:21,"('10.3.141.106', 49326)","('3.83.66.164', 443)","[28, 60]"
2024-03-27,14:47:50,"('3.83.66.164', 443)","('10.3.141.106', 49326)",[28]
2024-03-27,14:47:50,"('3.83.66.164', 443)","('10.3.141.106', 49326)",[56]
2024-03-27,14:47:50,"('10.3.141.106', 49326)","('3.83.66.164', 443)","[28, 60]"
2024-03-27,14:48:19,"('3.83.66.164', 443)","('10.3.141.106', 49326)",[28]
2024-03-27,14:48:19,"('3.83.66.164', 443)","('10.3.141.106', 49326)",[56]
2024-03-27,14:48:19,"('10.3.141.106', 49326)","('3.83.66.164', 443)",[28]
2024-03-27,14:48:19,"('10.3.141.106', 49326)","('3.83.66.164', 443)",[60]
2024-03-27,14:48:48,"('3.83.66.164', 443)","('10.3.141.106', 49326)",[28]
2024-03-27,14:48:48,"('3.83.66.164', 443)","('10.3.141.106', 49326)",[56]
2024-03-27,14:48:48,"('10.3.141.106', 49326)","('3.83.66.164', 443)","[28, 60]"
2024-03-27,14:49:17,"('3.83.66.164', 443)","('10.3.141.106', 49326)",[28]
2024-03-27,14:49:17,"('3.83.66.164', 443)","('10.3.141.106', 49326)",[56]
2024-03-27,14:49:17,"('10.3.141.106', 49326)","('3.83.66.164', 443)","[28, 60]"
2024-03-27,14:49:38,"('3.83.66.164', 443)","('10.3.141.106', 49326)",[28]
2024-03-27,14:49:38,"('3.83.66.164', 443)","('10.3.141.106', 49326)","[504, 1016]"
2024-03-27,14:49:46,"('3.83.66.164', 443)","('10.3.141.106', 49326)",[28]
2024-03-27,14:49:46,"('3.83.66.164', 443)","('10.3.141.106', 49326)",[56]
2024-03-27,14:49:46,"('10.3.141.106', 49326)","('3.83.66.164', 443)","[28, 60]"
2024-03-27,14:50:15,"('3.83.66.164', 443)","('10.3.141.106', 49326)",[28]
2024-03-27,14:50:15,"('3.83.66.164', 443)","('10.3.141.106', 49326)",[56]
2024-03-27,14:50:15,"('10.3.141.106', 49326)","('3.83.66.164', 443)","[28, 60]"
2024-03-27,14:50:44,"('3.83.66.164', 443)","('10.3.141.106', 49326)",[28]
2024-03-27,14:50:44,"('3.83.66.164', 443)","('10.3.141.106', 49326)",[56]
2024-03-27,14:50:44,"('10.3.141.106', 49326)","('3.83.66.164', 443)","[28, 60]"
2024-03-27,14:51:13,"('3.83.66.164', 443)","('10.3.141.106', 49326)",[28]
2024-03-27,14:51:13,"('3.83.66.164', 443)","('10.3.141.106', 49326)",[56]
2024-03-27,14:51:13,"('10.3.141.106', 49326)","('3.83.66.164', 443)","[28, 60]"
2024-03-27,14:51:42,"('3.83.66.164', 443)","('10.3.141.106', 49326)",[28]
2024-03-27,14:51:42,"('3.83.66.164', 443)","('10.3.141.106', 49326)",[56]
2024-03-27,14:51:42,"('10.3.141.106', 49326)","('3.83.66.164', 443)","[28, 60]"
2024-03-27,14:52:11,"('3.83.66.164', 443)","('10.3.141.106', 49326)",[28]
2024-03-27,14:52:11,"('3.83.66.164', 443)","('10.3.141.106', 49326)",[56]
2024-03-27,14:52:11,"('10.3.141.106', 49326)","('3.83.66.164', 443)","[28, 60]"
2024-03-27,14:52:40,"('3.83.66.164', 443)","('10.3.141.106', 49326)",[28]
2024-03-27,14:52:40,"('3.83.66.164', 443)","('10.3.141.106', 49326)",[56]
2024-03-27,14:52:40,"('10.3.141.106', 49326)","('3.83.66.164', 443)","[28, 60]"
2024-03-27,14:53:09,"('3.83.66.164', 443)","('10.3.141.106', 49326)",[28]
2024-03-27,14:53:09,"('3.83.66.164', 443)","('10.3.141.106', 49326)",[56]
2024-03-27,14:53:09,"('10.3.141.106', 49326)","('3.83.66.164', 443)",[28]
2024-03-27,14:53:09,"('10.3.141.106', 49326)","('3.83.66.164', 443)",[60]
2024-03-27,14:53:38,"('3.83.66.164', 443)","('10.3.141.106', 49326)",[28]
2024-03-27,14:53:38,"('3.83.66.164', 443)","('10.3.141.106', 49326)",[56]
2024-03-27,14:53:38,"('10.3.141.106', 49326)","('3.83.66.164', 443)","[28, 60]"
2024-03-27,14:54:07,"('3.83.66.164', 443)","('10.3.141.106', 49326)",[28]
2024-03-27,14:54:07,"('3.83.66.164', 443)","('10.3.141.106', 49326)",[56]
2024-03-27,14:54:07,"('10.3.141.106', 49326)","('3.83.66.164', 443)","[28, 60]"
2024-03-27,14:54:36,"('3.83.66.164', 443)","('10.3.141.106', 49326)",[28]
2024-03-27,14:54:36,"('3.83.66.164', 443)","('10.3.141.106', 49326)",[56]
2024-03-27,14:54:36,"('10.3.141.106', 49326)","('3.83.66.164', 443)","[28, 60]"
2024-03-27,14:55:05,"('3.83.66.164', 443)","('10.3.141.106', 49326)",[28]
2024-03-27,14:55:05,"('3.83.66.164', 443)","('10.3.141.106', 49326)",[56]
2024-03-27,14:55:05,"('10.3.141.106', 49326)","('3.83.66.164', 443)","[28, 60]"
2024-03-27,14:55:34,"('3.83.66.164', 443)","('10.3.141.106', 49326)",[28]
2024-03-27,14:55:34,"('3.83.66.164', 443)","('10.3.141.106', 49326)",[56]
2024-03-27,14:55:34,"('10.3.141.106', 49326)","('3.83.66.164', 443)","[28, 60]"
2024-03-27,14:56:03,"('3.83.66.164', 443)","('10.3.141.106', 49326)",[28]
2024-03-27,14:56:03,"('3.83.66.164', 443)","('10.3.141.106', 49326)",[56]
2024-03-27,14:56:03,"('10.3.141.106', 49326)","('3.83.66.164', 443)","[28, 60]"
2024-03-27,14:56:07,"('34.249.173.233', 443)","('10.3.141.126', 55026)",[590]
2024-03-27,14:56:07,"('34.249.173.233', 443)","('10.3.141.126', 55028)",[501]
2024-03-27,14:56:07,"('10.3.141.126', 55026)","('34.249.173.233', 443)",[690]
2024-03-27,14:56:07,"('10.3.141.126', 55026)","('34.249.173.233', 443)",[29]
2024-03-27,14:56:07,"('10.3.141.126', 55028)","('34.249.173.233', 443)",[690]
2024-03-27,14:56:07,"('10.3.141.126', 55028)","('34.249.173.233', 443)",[29]
2024-03-27,14:56:32,"('3.83.66.164', 443)","('10.3.141.106', 49326)",[28]
2024-03-27,14:56:32,"('3.83.66.164', 443)","('10.3.141.106', 49326)",[56]
2024-03-27,14:56:32,"('10.3.141.106', 49326)","('3.83.66.164', 443)","[28, 60]"
2024-03-27,14:57:01,"('3.83.66.164', 443)","('10.3.141.106', 49326)",[28]
2024-03-27,14:57:01,"('3.83.66.164', 443)","('10.3.141.106', 49326)",[56]
2024-03-27,14:57:01,"('10.3.141.106', 49326)","('3.83.66.164', 443)","[28, 60]"
2024-03-27,14:57:30,"('3.83.66.164', 443)","('10.3.141.106', 49326)",[28]
2024-03-27,14:57:30,"('3.83.66.164', 443)","('10.3.141.106', 49326)",[56]
2024-03-27,14:57:30,"('10.3.141.106', 49326)","('3.83.66.164', 443)",[28]
2024-03-27,14:57:30,"('10.3.141.106', 49326)","('3.83.66.164', 443)",[60]
2024-03-27,14:57:59,"('3.83.66.164', 443)","('10.3.141.106', 49326)",[28]
2024-03-27,14:57:59,"('3.83.66.164', 443)","('10.3.141.106', 49326)",[56]
2024-03-27,14:57:59,"('10.3.141.106', 49326)","('3.83.66.164', 443)",[28]
2024-03-27,14:57:59,"('10.3.141.106', 49326)","('3.83.66.164', 443)",[60]
2024-03-27,14:58:28,"('3.83.66.164', 443)","('10.3.141.106', 49326)",[28]
2024-03-27,14:58:28,"('3.83.66.164', 443)","('10.3.141.106', 49326)",[56]
2024-03-27,14:58:28,"('10.3.141.106', 49326)","('3.83.66.164', 443)","[28, 60]"
2024-03-27,14:58:57,"('3.83.66.164', 443)","('10.3.141.106', 49326)",[28]
2024-03-27,14:58:57,"('3.83.66.164', 443)","('10.3.141.106', 49326)",[56]
2024-03-27,14:58:57,"('10.3.141.106', 49326)","('3.83.66.164', 443)","[28, 60]"
2024-03-27,14:59:26,"('3.83.66.164', 443)","('10.3.141.106', 49326)",[28]
2024-03-27,14:59:26,"('3.83.66.164', 443)","('10.3.141.106', 49326)",[56]
2024-03-27,14:59:26,"('10.3.141.106', 49326)","('3.83.66.164', 443)","[28, 60]"
2024-03-27,14:59:55,"('3.83.66.164', 443)","('10.3.141.106', 49326)",[28]
2024-03-27,14:59:55,"('3.83.66.164', 443)","('10.3.141.106', 49326)",[56]
2024-03-27,14:59:55,"('10.3.141.106', 49326)","('3.83.66.164', 443)","[28, 60]"
2024-03-27,15:00:22,"('3.83.66.164', 443)","('10.3.141.106', 49326)",[28]
2024-03-27,15:00:22,"('3.83.66.164', 443)","('10.3.141.106', 49326)",[504]
2024-03-27,15:00:24,"('3.83.66.164', 443)","('10.3.141.106', 49326)",[28]
2024-03-27,15:00:24,"('3.83.66.164', 443)","('10.3.141.106', 49326)",[56]
2024-03-27,15:00:24,"('10.3.141.106', 49326)","('3.83.66.164', 443)","[28, 60]"
2024-03-27,15:00:53,"('3.83.66.164', 443)","('10.3.141.106', 49326)",[28]
2024-03-27,15:00:53,"('3.83.66.164', 443)","('10.3.141.106', 49326)",[56]
2024-03-27,15:00:53,"('10.3.141.106', 49326)","('3.83.66.164', 443)","[28, 60]"
2024-03-27,15:01:22,"('3.83.66.164', 443)","('10.3.141.106', 49326)",[28]
2024-03-27,15:01:22,"('3.83.66.164', 443)","('10.3.141.106', 49326)",[56]
2024-03-27,15:01:22,"('10.3.141.106', 49326)","('3.83.66.164', 443)","[28, 60]"
2024-03-27,15:01:51,"('3.83.66.164', 443)","('10.3.141.106', 49326)",[28]
2024-03-27,15:01:51,"('3.83.66.164', 443)","('10.3.141.106', 49326)",[56]
2024-03-27,15:01:51,"('10.3.141.106', 49326)","('3.83.66.164', 443)","[28, 60]"
2024-03-27,15:02:20,"('3.83.66.164', 443)","('10.3.141.106', 49326)",[28]
2024-03-27,15:02:20,"('3.83.66.164', 443)","('10.3.141.106', 49326)",[56]
2024-03-27,15:02:20,"('10.3.141.106', 49326)","('3.83.66.164', 443)","[28, 60]"
2024-03-27,15:02:49,"('3.83.66.164', 443)","('10.3.141.106', 49326)",[28]
2024-03-27,15:02:49,"('3.83.66.164', 443)","('10.3.141.106', 49326)",[56]
2024-03-27,15:02:49,"('10.3.141.106', 49326)","('3.83.66.164', 443)","[28, 60]"
2024-03-27,15:03:18,"('3.83.66.164', 443)","('10.3.141.106', 49326)",[28]
2024-03-27,15:03:18,"('3.83.66.164', 443)","('10.3.141.106', 49326)",[56]
2024-03-27,15:03:18,"('10.3.141.106', 49326)","('3.83.66.164', 443)","[28, 60]"
2024-03-27,15:03:47,"('3.83.66.164', 443)","('10.3.141.106', 49326)",[28]
2024-03-27,15:03:47,"('3.83.66.164', 443)","('10.3.141.106', 49326)",[56]
2024-03-27,15:03:47,"('10.3.141.106', 49326)","('3.83.66.164', 443)","[28, 60]"
2024-03-27,15:04:16,"('3.83.66.164', 443)","('10.3.141.106', 49326)",[28]
2024-03-27,15:04:16,"('3.83.66.164', 443)","('10.3.141.106', 49326)",[56]
2024-03-27,15:04:16,"('10.3.141.106', 49326)","('3.83.66.164', 443)","[28, 60]"
2024-03-27,15:04:45,"('3.83.66.164', 443)","('10.3.141.106', 49326)",[28]
2024-03-27,15:04:45,"('3.83.66.164', 443)","('10.3.141.106', 49326)",[56]
2024-03-27,15:04:45,"('10.3.141.106', 49326)","('3.83.66.164', 443)","[28, 60]"
2024-03-27,15:05:14,"('3.83.66.164', 443)","('10.3.141.106', 49326)",[28]
2024-03-27,15:05:14,"('3.83.66.164', 443)","('10.3.141.106', 49326)",[56]
2024-03-27,15:05:14,"('10.3.141.106', 49326)","('3.83.66.164', 443)",[28]
2024-03-27,15:05:14,"('10.3.141.106', 49326)","('3.83.66.164', 443)",[60]
2024-03-27,15:05:43,"('3.83.66.164', 443)","('10.3.141.106', 49326)",[28]
2024-03-27,15:05:43,"('3.83.66.164', 443)","('10.3.141.106', 49326)",[56]
2024-03-27,15:05:43,"('10.3.141.106', 49326)","('3.83.66.164', 443)",[28]
2024-03-27,15:05:43,"('10.3.141.106', 49326)","('3.83.66.164', 443)",[60]
2024-03-27,15:06:12,"('34.249.173.233', 443)","('10.3.141.126', 46778)",[590]
2024-03-27,15:06:12,"('3.83.66.164', 443)","('10.3.141.106', 49326)",[28]
2024-03-27,15:06:12,"('10.3.141.126', 46778)","('34.249.173.233', 443)",[690]
2024-03-27,15:06:12,"('10.3.141.126', 46778)","('34.249.173.233', 443)",[29]
2024-03-27,15:06:12,"('3.83.66.164', 443)","('10.3.141.106', 49326)",[56]
2024-03-27,15:06:12,"('34.249.173.233', 443)","('10.3.141.126', 46786)",[501]
2024-03-27,15:06:12,"('10.3.141.106', 49326)","('3.83.66.164', 443)",[28]
2024-03-27,15:06:12,"('10.3.141.106', 49326)","('3.83.66.164', 443)",[60]
2024-03-27,15:06:12,"('10.3.141.126', 46786)","('34.249.173.233', 443)",[690]
2024-03-27,15:06:12,"('10.3.141.126', 46786)","('34.249.173.233', 443)",[29]
2024-03-27,15:06:41,"('3.83.66.164', 443)","('10.3.141.106', 49326)",[28]
2024-03-27,15:06:41,"('3.83.66.164', 443)","('10.3.141.106', 49326)",[56]
2024-03-27,15:06:41,"('10.3.141.106', 49326)","('3.83.66.164', 443)",[28]
2024-03-27,15:06:41,"('10.3.141.106', 49326)","('3.83.66.164', 443)",[60]
2024-03-27,15:07:10,"('3.83.66.164', 443)","('10.3.141.106', 49326)",[28]
2024-03-27,15:07:10,"('3.83.66.164', 443)","('10.3.141.106', 49326)",[56]
2024-03-27,15:07:10,"('10.3.141.106', 49326)","('3.83.66.164', 443)",[28]
2024-03-27,15:07:10,"('10.3.141.106', 49326)","('3.83.66.164', 443)",[60]
2024-03-27,15:07:41,"('3.83.66.164', 443)","('10.3.141.106', 49326)","[28, 56]"
2024-03-27,15:07:41,"('10.3.141.106', 49326)","('3.83.66.164', 443)",[28]
2024-03-27,15:07:41,"('10.3.141.106', 49326)","('3.83.66.164', 443)",[60]
2024-03-27,15:08:08,"('3.83.66.164', 443)","('10.3.141.106', 49326)",[28]
2024-03-27,15:08:08,"('3.83.66.164', 443)","('10.3.141.106', 49326)",[56]
2024-03-27,15:08:08,"('10.3.141.106', 49326)","('3.83.66.164', 443)",[28]
2024-03-27,15:08:08,"('10.3.141.106', 49326)","('3.83.66.164', 443)",[60]
2024-03-27,15:08:37,"('3.83.66.164', 443)","('10.3.141.106', 49326)",[28]
2024-03-27,15:08:37,"('3.83.66.164', 443)","('10.3.141.106', 49326)",[56]
2024-03-27,15:08:37,"('10.3.141.106', 49326)","('3.83.66.164', 443)","[28, 60]"
2024-03-27,15:09:06,"('3.83.66.164', 443)","('10.3.141.106', 49326)",[28]
2024-03-27,15:09:06,"('3.83.66.164', 443)","('10.3.141.106', 49326)",[56]
2024-03-27,15:09:06,"('10.3.141.106', 49326)","('3.83.66.164', 443)","[28, 60]"
2024-03-27,15:09:35,"('3.83.66.164', 443)","('10.3.141.106', 49326)",[28]
2024-03-27,15:09:35,"('3.83.66.164', 443)","('10.3.141.106', 49326)",[56]
2024-03-27,15:09:35,"('10.3.141.106', 49326)","('3.83.66.164', 443)","[28, 60]"
2024-03-27,15:10:05,"('3.83.66.164', 443)","('10.3.141.106', 49326)",[28]
2024-03-27,15:10:05,"('3.83.66.164', 443)","('10.3.141.106', 49326)",[56]
2024-03-27,15:10:05,"('10.3.141.106', 49326)","('3.83.66.164', 443)",[28]
2024-03-27,15:10:05,"('10.3.141.106', 49326)","('3.83.66.164', 443)",[60]
2024-03-27,15:10:33,"('3.83.66.164', 443)","('10.3.141.106', 49326)",[28]
2024-03-27,15:10:33,"('3.83.66.164', 443)","('10.3.141.106', 49326)",[56]
2024-03-27,15:10:33,"('10.3.141.106', 49326)","('3.83.66.164', 443)","[28, 60]"
2024-03-27,15:11:02,"('3.83.66.164', 443)","('10.3.141.106', 49326)",[28]
2024-03-27,15:11:02,"('3.83.66.164', 443)","('10.3.141.106', 49326)",[56]
2024-03-27,15:11:02,"('10.3.141.106', 49326)","('3.83.66.164', 443)","[28, 60]"
2024-03-27,15:11:15,"('54.229.124.66', 443)","('10.3.141.126', 37326)",[590]
2024-03-27,15:11:15,"('10.3.141.126', 37326)","('54.229.124.66', 443)",[690]
2024-03-27,15:11:15,"('10.3.141.126', 37326)","('54.229.124.66', 443)",[29]
2024-03-27,15:11:15,"('54.229.124.66', 443)","('10.3.141.126', 37340)",[501]
2024-03-27,15:11:15,"('10.3.141.126', 37340)","('54.229.124.66', 443)",[690]
2024-03-27,15:11:15,"('10.3.141.126', 37340)","('54.229.124.66', 443)",[29]
2024-03-27,15:11:31,"('3.83.66.164', 443)","('10.3.141.106', 49326)",[28]
2024-03-27,15:11:31,"('3.83.66.164', 443)","('10.3.141.106', 49326)",[56]
2024-03-27,15:11:31,"('10.3.141.106', 49326)","('3.83.66.164', 443)",[28]
2024-03-27,15:11:31,"('10.3.141.106', 49326)","('3.83.66.164', 443)",[60]
2024-03-27,15:12:00,"('3.83.66.164', 443)","('10.3.141.106', 49326)",[28]
2024-03-27,15:12:00,"('3.83.66.164', 443)","('10.3.141.106', 49326)",[56]
2024-03-27,15:12:00,"('10.3.141.106', 49326)","('3.83.66.164', 443)",[28]
2024-03-27,15:12:00,"('10.3.141.106', 49326)","('3.83.66.164', 443)",[60]
2024-03-27,15:12:29,"('3.83.66.164', 443)","('10.3.141.106', 49326)",[28]
2024-03-27,15:12:29,"('3.83.66.164', 443)","('10.3.141.106', 49326)",[56]
2024-03-27,15:12:29,"('10.3.141.106', 49326)","('3.83.66.164', 443)",[28]
2024-03-27,15:12:29,"('10.3.141.106', 49326)","('3.83.66.164', 443)",[60]
2024-03-27,15:12:58,"('3.83.66.164', 443)","('10.3.141.106', 49326)",[28]
2024-03-27,15:12:58,"('3.83.66.164', 443)","('10.3.141.106', 49326)",[56]
2024-03-27,15:12:58,"('10.3.141.106', 49326)","('3.83.66.164', 443)","[28, 60]"
2024-03-27,15:13:27,"('3.83.66.164', 443)","('10.3.141.106', 49326)",[28]
2024-03-27,15:13:27,"('3.83.66.164', 443)","('10.3.141.106', 49326)",[56]
2024-03-27,15:13:27,"('10.3.141.106', 49326)","('3.83.66.164', 443)","[28, 60]"
2024-03-27,15:13:56,"('3.83.66.164', 443)","('10.3.141.106', 49326)",[28]
2024-03-27,15:13:56,"('3.83.66.164', 443)","('10.3.141.106', 49326)",[56]
2024-03-27,15:13:56,"('10.3.141.106', 49326)","('3.83.66.164', 443)",[28]
2024-03-27,15:13:56,"('10.3.141.106', 49326)","('3.83.66.164', 443)",[60]
2024-03-27,15:14:25,"('3.83.66.164', 443)","('10.3.141.106', 49326)",[28]
2024-03-27,15:14:25,"('3.83.66.164', 443)","('10.3.141.106', 49326)",[56]
2024-03-27,15:14:25,"('10.3.141.106', 49326)","('3.83.66.164', 443)",[28]
2024-03-27,15:14:25,"('10.3.141.106', 49326)","('3.83.66.164', 443)",[60]
2024-03-27,15:14:54,"('3.83.66.164', 443)","('10.3.141.106', 49326)",[28]
2024-03-27,15:14:54,"('3.83.66.164', 443)","('10.3.141.106', 49326)",[56]
2024-03-27,15:14:54,"('10.3.141.106', 49326)","('3.83.66.164', 443)",[28]
2024-03-27,15:14:54,"('10.3.141.106', 49326)","('3.83.66.164', 443)",[60]
2024-03-27,15:15:23,"('3.83.66.164', 443)","('10.3.141.106', 49326)",[28]
2024-03-27,15:15:23,"('3.83.66.164', 443)","('10.3.141.106', 49326)",[56]
2024-03-27,15:15:23,"('10.3.141.106', 49326)","('3.83.66.164', 443)","[28, 60]"
2024-03-27,15:15:52,"('3.83.66.164', 443)","('10.3.141.106', 49326)",[28]
2024-03-27,15:15:52,"('3.83.66.164', 443)","('10.3.141.106', 49326)",[56]
2024-03-27,15:15:52,"('10.3.141.106', 49326)","('3.83.66.164', 443)","[28, 60]"
2024-03-27,15:16:21,"('3.83.66.164', 443)","('10.3.141.106', 49326)",[28]
2024-03-27,15:16:21,"('3.83.66.164', 443)","('10.3.141.106', 49326)",[56]
2024-03-27,15:16:21,"('10.3.141.106', 49326)","('3.83.66.164', 443)","[28, 60]"
2024-03-27,15:16:50,"('3.83.66.164', 443)","('10.3.141.106', 49326)",[28]
2024-03-27,15:16:50,"('3.83.66.164', 443)","('10.3.141.106', 49326)",[56]
2024-03-27,15:16:50,"('10.3.141.106', 49326)","('3.83.66.164', 443)","[28, 60]"
2024-03-27,15:17:19,"('3.83.66.164', 443)","('10.3.141.106', 49326)",[28]
2024-03-27,15:17:19,"('3.83.66.164', 443)","('10.3.141.106', 49326)",[56]
2024-03-27,15:17:19,"('10.3.141.106', 49326)","('3.83.66.164', 443)","[28, 60]"
2024-03-27,15:17:48,"('3.83.66.164', 443)","('10.3.141.106', 49326)",[28]
2024-03-27,15:17:48,"('3.83.66.164', 443)","('10.3.141.106', 49326)",[56]
2024-03-27,15:17:48,"('10.3.141.106', 49326)","('3.83.66.164', 443)",[28]
2024-03-27,15:17:48,"('10.3.141.106', 49326)","('3.83.66.164', 443)",[60]
2024-03-27,15:18:17,"('3.83.66.164', 443)","('10.3.141.106', 49326)",[28]
2024-03-27,15:18:17,"('3.83.66.164', 443)","('10.3.141.106', 49326)",[56]
2024-03-27,15:18:17,"('10.3.141.106', 49326)","('3.83.66.164', 443)","[28, 60]"
2024-03-27,15:18:46,"('3.83.66.164', 443)","('10.3.141.106', 49326)",[28]
2024-03-27,15:18:46,"('3.83.66.164', 443)","('10.3.141.106', 49326)",[56]
2024-03-27,15:18:46,"('10.3.141.106', 49326)","('3.83.66.164', 443)","[28, 60]"
2024-03-27,15:19:15,"('3.83.66.164', 443)","('10.3.141.106', 49326)",[28]
2024-03-27,15:19:15,"('3.83.66.164', 443)","('10.3.141.106', 49326)",[56]
2024-03-27,15:19:15,"('10.3.141.106', 49326)","('3.83.66.164', 443)","[28, 60]"
2024-03-27,15:19:44,"('3.83.66.164', 443)","('10.3.141.106', 49326)","[28, 56]"
2024-03-27,15:19:44,"('10.3.141.106', 49326)","('3.83.66.164', 443)","[28, 60]"
2024-03-27,15:20:13,"('3.83.66.164', 443)","('10.3.141.106', 49326)",[28]
2024-03-27,15:20:13,"('3.83.66.164', 443)","('10.3.141.106', 49326)",[56]
2024-03-27,15:20:13,"('10.3.141.106', 49326)","('3.83.66.164', 443)","[28, 60]"
2024-03-27,15:20:42,"('3.83.66.164', 443)","('10.3.141.106', 49326)",[28]
2024-03-27,15:20:42,"('3.83.66.164', 443)","('10.3.141.106', 49326)",[56]
2024-03-27,15:20:42,"('10.3.141.106', 49326)","('3.83.66.164', 443)","[28, 60]"
2024-03-27,15:21:11,"('3.83.66.164', 443)","('10.3.141.106', 49326)",[28]
2024-03-27,15:21:11,"('3.83.66.164', 443)","('10.3.141.106', 49326)",[56]
2024-03-27,15:21:11,"('10.3.141.106', 49326)","('3.83.66.164', 443)","[28, 60]"
2024-03-27,15:21:40,"('3.83.66.164', 443)","('10.3.141.106', 49326)",[28]
2024-03-27,15:21:40,"('3.83.66.164', 443)","('10.3.141.106', 49326)",[56]
2024-03-27,15:21:40,"('10.3.141.106', 49326)","('3.83.66.164', 443)","[28, 60]"
2024-03-27,15:22:09,"('3.83.66.164', 443)","('10.3.141.106', 49326)",[28]
2024-03-27,15:22:09,"('3.83.66.164', 443)","('10.3.141.106', 49326)",[56]
2024-03-27,15:22:09,"('10.3.141.106', 49326)","('3.83.66.164', 443)","[28, 60]"
2024-03-27,15:22:38,"('3.83.66.164', 443)","('10.3.141.106', 49326)",[28]
2024-03-27,15:22:38,"('3.83.66.164', 443)","('10.3.141.106', 49326)",[56]
2024-03-27,15:22:38,"('10.3.141.106', 49326)","('3.83.66.164', 443)","[28, 60]"
2024-03-27,15:23:07,"('3.83.66.164', 443)","('10.3.141.106', 49326)",[28]
2024-03-27,15:23:07,"('3.83.66.164', 443)","('10.3.141.106', 49326)",[56]
2024-03-27,15:23:07,"('10.3.141.106', 49326)","('3.83.66.164', 443)","[28, 60]"
2024-03-27,15:23:36,"('3.83.66.164', 443)","('10.3.141.106', 49326)",[28]
2024-03-27,15:23:36,"('3.83.66.164', 443)","('10.3.141.106', 49326)",[56]
2024-03-27,15:23:36,"('10.3.141.106', 49326)","('3.83.66.164', 443)","[28, 60]"
2024-03-27,15:23:59,"('3.83.66.164', 443)","('10.3.141.106', 49326)",[28]
2024-03-27,15:23:59,"('3.83.66.164', 443)","('10.3.141.106', 49326)",[504]
2024-03-27,15:24:05,"('3.83.66.164', 443)","('10.3.141.106', 49326)",[28]
2024-03-27,15:24:05,"('3.83.66.164', 443)","('10.3.141.106', 49326)",[56]
2024-03-27,15:24:05,"('10.3.141.106', 49326)","('3.83.66.164', 443)","[28, 60]"
2024-03-27,15:24:34,"('3.83.66.164', 443)","('10.3.141.106', 49326)",[28]
2024-03-27,15:24:34,"('3.83.66.164', 443)","('10.3.141.106', 49326)",[56]
2024-03-27,15:24:34,"('10.3.141.106', 49326)","('3.83.66.164', 443)","[28, 60]"
2024-03-27,15:25:03,"('3.83.66.164', 443)","('10.3.141.106', 49326)",[28]
2024-03-27,15:25:03,"('3.83.66.164', 443)","('10.3.141.106', 49326)",[56]
2024-03-27,15:25:03,"('10.3.141.106', 49326)","('3.83.66.164', 443)","[28, 60]"
2024-03-27,15:25:32,"('3.83.66.164', 443)","('10.3.141.106', 49326)",[28]
2024-03-27,15:25:32,"('3.83.66.164', 443)","('10.3.141.106', 49326)",[56]
2024-03-27,15:25:32,"('10.3.141.106', 49326)","('3.83.66.164', 443)","[28, 60]"
2024-03-27,15:26:01,"('3.83.66.164', 443)","('10.3.141.106', 49326)",[28]
2024-03-27,15:26:01,"('3.83.66.164', 443)","('10.3.141.106', 49326)",[56]
2024-03-27,15:26:01,"('10.3.141.106', 49326)","('3.83.66.164', 443)","[28, 60]"
2024-03-27,15:26:23,"('54.229.124.66', 443)","('10.3.141.126', 40908)",[590]
2024-03-27,15:26:23,"('54.229.124.66', 443)","('10.3.141.126', 40914)",[501]
2024-03-27,15:26:23,"('10.3.141.126', 40908)","('54.229.124.66', 443)",[690]
2024-03-27,15:26:23,"('10.3.141.126', 40908)","('54.229.124.66', 443)",[29]
2024-03-27,15:26:23,"('10.3.141.126', 40914)","('54.229.124.66', 443)",[690]
2024-03-27,15:26:23,"('10.3.141.126', 40914)","('54.229.124.66', 443)",[29]
2024-03-27,15:26:30,"('3.83.66.164', 443)","('10.3.141.106', 49326)",[28]
2024-03-27,15:26:30,"('3.83.66.164', 443)","('10.3.141.106', 49326)",[56]
2024-03-27,15:26:30,"('10.3.141.106', 49326)","('3.83.66.164', 443)","[28, 60]"
2024-03-27,15:26:59,"('3.83.66.164', 443)","('10.3.141.106', 49326)",[28]
2024-03-27,15:26:59,"('3.83.66.164', 443)","('10.3.141.106', 49326)",[56]
2024-03-27,15:26:59,"('10.3.141.106', 49326)","('3.83.66.164', 443)","[28, 60]"
2024-03-27,15:27:28,"('3.83.66.164', 443)","('10.3.141.106', 49326)",[28]
2024-03-27,15:27:28,"('3.83.66.164', 443)","('10.3.141.106', 49326)",[56]
2024-03-27,15:27:28,"('10.3.141.106', 49326)","('3.83.66.164', 443)","[28, 60]"
2024-03-27,15:27:57,"('3.83.66.164', 443)","('10.3.141.106', 49326)",[28]
2024-03-27,15:27:57,"('3.83.66.164', 443)","('10.3.141.106', 49326)",[56]
2024-03-27,15:27:57,"('10.3.141.106', 49326)","('3.83.66.164', 443)","[28, 60]"
2024-03-27,15:28:26,"('3.83.66.164', 443)","('10.3.141.106', 49326)",[28]
2024-03-27,15:28:26,"('3.83.66.164', 443)","('10.3.141.106', 49326)",[56]
2024-03-27,15:28:26,"('10.3.141.106', 49326)","('3.83.66.164', 443)","[28, 60]"
2024-03-27,15:28:55,"('3.83.66.164', 443)","('10.3.141.106', 49326)",[28]
2024-03-27,15:28:55,"('3.83.66.164', 443)","('10.3.141.106', 49326)",[56]
2024-03-27,15:28:55,"('10.3.141.106', 49326)","('3.83.66.164', 443)","[28, 60]"
2024-03-27,15:29:24,"('3.83.66.164', 443)","('10.3.141.106', 49326)",[28]
2024-03-27,15:29:24,"('3.83.66.164', 443)","('10.3.141.106', 49326)",[56]
2024-03-27,15:29:24,"('10.3.141.106', 49326)","('3.83.66.164', 443)","[28, 60]"
2024-03-27,15:29:53,"('3.83.66.164', 443)","('10.3.141.106', 49326)",[28]
2024-03-27,15:29:53,"('3.83.66.164', 443)","('10.3.141.106', 49326)",[56]
2024-03-27,15:29:53,"('10.3.141.106', 49326)","('3.83.66.164', 443)","[28, 60]"
2024-03-27,15:30:22,"('3.83.66.164', 443)","('10.3.141.106', 49326)",[28]
2024-03-27,15:30:22,"('3.83.66.164', 443)","('10.3.141.106', 49326)",[56]
2024-03-27,15:30:22,"('10.3.141.106', 49326)","('3.83.66.164', 443)","[28, 60]"
2024-03-27,15:30:51,"('3.83.66.164', 443)","('10.3.141.106', 49326)",[28]
2024-03-27,15:30:51,"('3.83.66.164', 443)","('10.3.141.106', 49326)",[56]
2024-03-27,15:30:51,"('10.3.141.106', 49326)","('3.83.66.164', 443)","[28, 60]"
2024-03-27,15:31:20,"('3.83.66.164', 443)","('10.3.141.106', 49326)",[28]
2024-03-27,15:31:20,"('3.83.66.164', 443)","('10.3.141.106', 49326)",[56]
2024-03-27,15:31:20,"('10.3.141.106', 49326)","('3.83.66.164', 443)","[28, 60]"
2024-03-27,15:31:49,"('3.83.66.164', 443)","('10.3.141.106', 49326)",[28]
2024-03-27,15:31:49,"('3.83.66.164', 443)","('10.3.141.106', 49326)",[56]
2024-03-27,15:31:49,"('10.3.141.106', 49326)","('3.83.66.164', 443)","[28, 60]"
2024-03-27,15:32:18,"('3.83.66.164', 443)","('10.3.141.106', 49326)",[28]
2024-03-27,15:32:18,"('3.83.66.164', 443)","('10.3.141.106', 49326)",[56]
2024-03-27,15:32:18,"('10.3.141.106', 49326)","('3.83.66.164', 443)","[28, 60]"
2024-03-27,15:32:47,"('3.83.66.164', 443)","('10.3.141.106', 49326)",[28]
2024-03-27,15:32:47,"('3.83.66.164', 443)","('10.3.141.106', 49326)",[56]
2024-03-27,15:32:47,"('10.3.141.106', 49326)","('3.83.66.164', 443)","[28, 60]"
2024-03-27,15:33:16,"('3.83.66.164', 443)","('10.3.141.106', 49326)",[28]
2024-03-27,15:33:16,"('3.83.66.164', 443)","('10.3.141.106', 49326)",[56]
2024-03-27,15:33:16,"('10.3.141.106', 49326)","('3.83.66.164', 443)","[28, 60]"
2024-03-27,15:33:47,"('3.83.66.164', 443)","('10.3.141.106', 49326)","[28, 56]"
2024-03-27,15:33:47,"('10.3.141.106', 49326)","('3.83.66.164', 443)","[28, 60]"
2024-03-27,15:34:14,"('3.83.66.164', 443)","('10.3.141.106', 49326)",[28]
2024-03-27,15:34:14,"('3.83.66.164', 443)","('10.3.141.106', 49326)",[56]
2024-03-27,15:34:14,"('10.3.141.106', 49326)","('3.83.66.164', 443)","[28, 60]"
2024-03-27,15:34:43,"('3.83.66.164', 443)","('10.3.141.106', 49326)",[28]
2024-03-27,15:34:43,"('3.83.66.164', 443)","('10.3.141.106', 49326)",[56]
2024-03-27,15:34:43,"('10.3.141.106', 49326)","('3.83.66.164', 443)","[28, 60]"
2024-03-27,15:35:12,"('3.83.66.164', 443)","('10.3.141.106', 49326)",[28]
2024-03-27,15:35:12,"('3.83.66.164', 443)","('10.3.141.106', 49326)",[56]
2024-03-27,15:35:12,"('10.3.141.106', 49326)","('3.83.66.164', 443)","[28, 60]"
2024-03-27,15:35:41,"('3.83.66.164', 443)","('10.3.141.106', 49326)",[28]
2024-03-27,15:35:41,"('3.83.66.164', 443)","('10.3.141.106', 49326)",[56]
2024-03-27,15:35:41,"('10.3.141.106', 49326)","('3.83.66.164', 443)","[28, 60]"
2024-03-27,15:36:10,"('3.83.66.164', 443)","('10.3.141.106', 49326)",[28]
2024-03-27,15:36:10,"('3.83.66.164', 443)","('10.3.141.106', 49326)",[56]
2024-03-27,15:36:10,"('10.3.141.106', 49326)","('3.83.66.164', 443)","[28, 60]"
2024-03-27,15:36:28,"('54.229.124.66', 443)","('10.3.141.126', 35264)",[590]
2024-03-27,15:36:28,"('54.229.124.66', 443)","('10.3.141.126', 35272)",[501]
2024-03-27,15:36:28,"('10.3.141.126', 35264)","('54.229.124.66', 443)",[690]
2024-03-27,15:36:28,"('10.3.141.126', 35264)","('54.229.124.66', 443)",[29]
2024-03-27,15:36:28,"('10.3.141.126', 35272)","('54.229.124.66', 443)","[690, 29]"
2024-03-27,15:36:39,"('3.83.66.164', 443)","('10.3.141.106', 49326)",[28]
2024-03-27,15:36:39,"('3.83.66.164', 443)","('10.3.141.106', 49326)",[56]
2024-03-27,15:36:39,"('10.3.141.106', 49326)","('3.83.66.164', 443)",[28]
2024-03-27,15:36:39,"('10.3.141.106', 49326)","('3.83.66.164', 443)",[60]
2024-03-27,15:37:08,"('3.83.66.164', 443)","('10.3.141.106', 49326)",[28]
2024-03-27,15:37:08,"('3.83.66.164', 443)","('10.3.141.106', 49326)",[56]
2024-03-27,15:37:08,"('10.3.141.106', 49326)","('3.83.66.164', 443)",[28]
2024-03-27,15:37:08,"('10.3.141.106', 49326)","('3.83.66.164', 443)",[60]
2024-03-27,15:37:37,"('3.83.66.164', 443)","('10.3.141.106', 49326)",[28]
2024-03-27,15:37:37,"('3.83.66.164', 443)","('10.3.141.106', 49326)",[56]
2024-03-27,15:37:37,"('10.3.141.106', 49326)","('3.83.66.164', 443)",[28]
2024-03-27,15:37:37,"('10.3.141.106', 49326)","('3.83.66.164', 443)",[60]
2024-03-27,15:38:06,"('3.83.66.164', 443)","('10.3.141.106', 49326)",[28]
2024-03-27,15:38:06,"('3.83.66.164', 443)","('10.3.141.106', 49326)",[56]
2024-03-27,15:38:06,"('10.3.141.106', 49326)","('3.83.66.164', 443)","[28, 60]"
2024-03-27,15:38:35,"('3.83.66.164', 443)","('10.3.141.106', 49326)",[28]
2024-03-27,15:38:35,"('3.83.66.164', 443)","('10.3.141.106', 49326)",[56]
2024-03-27,15:38:35,"('10.3.141.106', 49326)","('3.83.66.164', 443)","[28, 60]"
2024-03-27,15:39:04,"('3.83.66.164', 443)","('10.3.141.106', 49326)",[28]
2024-03-27,15:39:04,"('3.83.66.164', 443)","('10.3.141.106', 49326)",[56]
2024-03-27,15:39:04,"('10.3.141.106', 49326)","('3.83.66.164', 443)","[28, 60]"
2024-03-27,15:39:33,"('3.83.66.164', 443)","('10.3.141.106', 49326)",[28]
2024-03-27,15:39:33,"('3.83.66.164', 443)","('10.3.141.106', 49326)",[56]
2024-03-27,15:39:33,"('10.3.141.106', 49326)","('3.83.66.164', 443)","[28, 60]"
2024-03-27,15:40:02,"('3.83.66.164', 443)","('10.3.141.106', 49326)",[28]
2024-03-27,15:40:02,"('3.83.66.164', 443)","('10.3.141.106', 49326)",[56]
2024-03-27,15:40:02,"('10.3.141.106', 49326)","('3.83.66.164', 443)","[28, 60]"
2024-03-27,15:40:31,"('3.83.66.164', 443)","('10.3.141.106', 49326)",[28]
2024-03-27,15:40:31,"('3.83.66.164', 443)","('10.3.141.106', 49326)",[56]
2024-03-27,15:40:31,"('10.3.141.106', 49326)","('3.83.66.164', 443)","[28, 60]"
2024-03-27,15:41:00,"('3.83.66.164', 443)","('10.3.141.106', 49326)",[28]
2024-03-27,15:41:00,"('3.83.66.164', 443)","('10.3.141.106', 49326)",[56]
2024-03-27,15:41:00,"('10.3.141.106', 49326)","('3.83.66.164', 443)","[28, 60]"
2024-03-27,15:41:29,"('3.83.66.164', 443)","('10.3.141.106', 49326)",[28]
2024-03-27,15:41:29,"('3.83.66.164', 443)","('10.3.141.106', 49326)",[56]
2024-03-27,15:41:29,"('10.3.141.106', 49326)","('3.83.66.164', 443)","[28, 60]"
2024-03-27,15:41:58,"('3.83.66.164', 443)","('10.3.141.106', 49326)",[28]
2024-03-27,15:41:58,"('3.83.66.164', 443)","('10.3.141.106', 49326)",[56]
2024-03-27,15:41:58,"('10.3.141.106', 49326)","('3.83.66.164', 443)","[28, 60]"
2024-03-27,15:42:27,"('3.83.66.164', 443)","('10.3.141.106', 49326)",[28]
2024-03-27,15:42:27,"('3.83.66.164', 443)","('10.3.141.106', 49326)",[56]
2024-03-27,15:42:27,"('10.3.141.106', 49326)","('3.83.66.164', 443)","[28, 60]"
2024-03-27,15:42:56,"('3.83.66.164', 443)","('10.3.141.106', 49326)",[28]
2024-03-27,15:42:56,"('3.83.66.164', 443)","('10.3.141.106', 49326)",[56]
2024-03-27,15:42:56,"('10.3.141.106', 49326)","('3.83.66.164', 443)",[28]
2024-03-27,15:42:56,"('10.3.141.106', 49326)","('3.83.66.164', 443)",[60]
2024-03-27,15:43:25,"('3.83.66.164', 443)","('10.3.141.106', 49326)",[28]
2024-03-27,15:43:25,"('3.83.66.164', 443)","('10.3.141.106', 49326)",[56]
2024-03-27,15:43:25,"('10.3.141.106', 49326)","('3.83.66.164', 443)",[28]
2024-03-27,15:43:25,"('10.3.141.106', 49326)","('3.83.66.164', 443)",[60]
2024-03-27,15:43:54,"('3.83.66.164', 443)","('10.3.141.106', 49326)",[28]
2024-03-27,15:43:54,"('3.83.66.164', 443)","('10.3.141.106', 49326)",[56]
2024-03-27,15:43:54,"('10.3.141.106', 49326)","('3.83.66.164', 443)","[28, 60]"
2024-03-27,15:44:23,"('3.83.66.164', 443)","('10.3.141.106', 49326)",[28]
2024-03-27,15:44:23,"('3.83.66.164', 443)","('10.3.141.106', 49326)",[56]
2024-03-27,15:44:23,"('10.3.141.106', 49326)","('3.83.66.164', 443)","[28, 60]"
2024-03-27,15:44:52,"('3.83.66.164', 443)","('10.3.141.106', 49326)",[28]
2024-03-27,15:44:52,"('3.83.66.164', 443)","('10.3.141.106', 49326)",[56]
2024-03-27,15:44:52,"('10.3.141.106', 49326)","('3.83.66.164', 443)","[28, 60]"
2024-03-27,15:45:21,"('3.83.66.164', 443)","('10.3.141.106', 49326)",[28]
2024-03-27,15:45:21,"('3.83.66.164', 443)","('10.3.141.106', 49326)",[56]
2024-03-27,15:45:21,"('10.3.141.106', 49326)","('3.83.66.164', 443)","[28, 60]"
2024-03-27,15:45:50,"('3.83.66.164', 443)","('10.3.141.106', 49326)",[28]
2024-03-27,15:45:50,"('3.83.66.164', 443)","('10.3.141.106', 49326)",[56]
2024-03-27,15:45:50,"('10.3.141.106', 49326)","('3.83.66.164', 443)","[28, 60]"
2024-03-27,15:46:19,"('3.83.66.164', 443)","('10.3.141.106', 49326)",[28]
2024-03-27,15:46:19,"('3.83.66.164', 443)","('10.3.141.106', 49326)",[56]
2024-03-27,15:46:19,"('10.3.141.106', 49326)","('3.83.66.164', 443)","[28, 60]"
2024-03-27,15:46:33,"('54.76.70.29', 443)","('10.3.141.126', 51938)",[590]
2024-03-27,15:46:33,"('10.3.141.126', 51938)","('54.76.70.29', 443)","[690, 29]"
2024-03-27,15:46:33,"('54.76.70.29', 443)","('10.3.141.126', 51952)",[501]
2024-03-27,15:46:33,"('10.3.141.126', 51952)","('54.76.70.29', 443)",[690]
2024-03-27,15:46:33,"('10.3.141.126', 51952)","('54.76.70.29', 443)",[29]
2024-03-27,15:46:48,"('3.83.66.164', 443)","('10.3.141.106', 49326)",[28]
2024-03-27,15:46:48,"('3.83.66.164', 443)","('10.3.141.106', 49326)",[56]
2024-03-27,15:46:48,"('10.3.141.106', 49326)","('3.83.66.164', 443)","[28, 60]"
2024-03-27,15:47:17,"('3.83.66.164', 443)","('10.3.141.106', 49326)",[28]
2024-03-27,15:47:17,"('3.83.66.164', 443)","('10.3.141.106', 49326)",[56]
2024-03-27,15:47:17,"('10.3.141.106', 49326)","('3.83.66.164', 443)","[28, 60]"
2024-03-27,15:47:46,"('3.83.66.164', 443)","('10.3.141.106', 49326)",[28]
2024-03-27,15:47:46,"('3.83.66.164', 443)","('10.3.141.106', 49326)",[56]
2024-03-27,15:47:46,"('10.3.141.106', 49326)","('3.83.66.164', 443)","[28, 60]"
2024-03-27,15:48:15,"('3.83.66.164', 443)","('10.3.141.106', 49326)",[28]
2024-03-27,15:48:15,"('3.83.66.164', 443)","('10.3.141.106', 49326)",[56]
2024-03-27,15:48:15,"('10.3.141.106', 49326)","('3.83.66.164', 443)","[28, 60]"
2024-03-27,15:48:44,"('3.83.66.164', 443)","('10.3.141.106', 49326)",[28]
2024-03-27,15:48:44,"('3.83.66.164', 443)","('10.3.141.106', 49326)",[56]
2024-03-27,15:48:44,"('10.3.141.106', 49326)","('3.83.66.164', 443)","[28, 60]"
2024-03-27,15:49:13,"('3.83.66.164', 443)","('10.3.141.106', 49326)",[28]
2024-03-27,15:49:13,"('3.83.66.164', 443)","('10.3.141.106', 49326)",[56]
2024-03-27,15:49:13,"('10.3.141.106', 49326)","('3.83.66.164', 443)","[28, 60]"
2024-03-27,15:49:38,"('3.83.66.164', 443)","('10.3.141.106', 49326)",[28]
2024-03-27,15:49:38,"('3.83.66.164', 443)","('10.3.141.106', 49326)",[504]
2024-03-27,15:49:42,"('3.83.66.164', 443)","('10.3.141.106', 49326)",[28]
2024-03-27,15:49:42,"('3.83.66.164', 443)","('10.3.141.106', 49326)",[56]
2024-03-27,15:49:42,"('10.3.141.106', 49326)","('3.83.66.164', 443)","[28, 60]"
2024-03-27,15:50:11,"('3.83.66.164', 443)","('10.3.141.106', 49326)",[28]
2024-03-27,15:50:11,"('3.83.66.164', 443)","('10.3.141.106', 49326)",[56]
2024-03-27,15:50:11,"('10.3.141.106', 49326)","('3.83.66.164', 443)","[28, 60]"
2024-03-27,15:50:40,"('3.83.66.164', 443)","('10.3.141.106', 49326)",[28]
2024-03-27,15:50:40,"('3.83.66.164', 443)","('10.3.141.106', 49326)",[56]
2024-03-27,15:50:40,"('10.3.141.106', 49326)","('3.83.66.164', 443)","[28, 60]"
2024-03-27,15:51:09,"('3.83.66.164', 443)","('10.3.141.106', 49326)",[28]
2024-03-27,15:51:09,"('3.83.66.164', 443)","('10.3.141.106', 49326)",[56]
2024-03-27,15:51:09,"('10.3.141.106', 49326)","('3.83.66.164', 443)","[28, 60]"
2024-03-27,15:51:38,"('3.83.66.164', 443)","('10.3.141.106', 49326)",[28]
2024-03-27,15:51:38,"('3.83.66.164', 443)","('10.3.141.106', 49326)",[56]
2024-03-27,15:51:38,"('10.3.141.106', 49326)","('3.83.66.164', 443)","[28, 60]"
2024-03-27,15:52:07,"('3.83.66.164', 443)","('10.3.141.106', 49326)",[28]
2024-03-27,15:52:07,"('3.83.66.164', 443)","('10.3.141.106', 49326)",[56]
2024-03-27,15:52:07,"('10.3.141.106', 49326)","('3.83.66.164', 443)","[28, 60]"
2024-03-27,15:52:36,"('3.83.66.164', 443)","('10.3.141.106', 49326)",[28]
2024-03-27,15:52:36,"('3.83.66.164', 443)","('10.3.141.106', 49326)",[56]
2024-03-27,15:52:36,"('10.3.141.106', 49326)","('3.83.66.164', 443)","[28, 60]"
2024-03-27,15:53:00,"('3.83.66.164', 443)","('10.3.141.106', 49326)",[28]
2024-03-27,15:53:00,"('3.83.66.164', 443)","('10.3.141.106', 49326)",[504]
2024-03-27,15:53:05,"('3.83.66.164', 443)","('10.3.141.106', 49326)",[28]
2024-03-27,15:53:05,"('3.83.66.164', 443)","('10.3.141.106', 49326)",[56]
2024-03-27,15:53:05,"('10.3.141.106', 49326)","('3.83.66.164', 443)","[28, 60]"
2024-03-27,15:53:34,"('3.83.66.164', 443)","('10.3.141.106', 49326)",[28]
2024-03-27,15:53:34,"('3.83.66.164', 443)","('10.3.141.106', 49326)",[56]
2024-03-27,15:53:34,"('10.3.141.106', 49326)","('3.83.66.164', 443)","[28, 60]"
2024-03-27,15:54:03,"('3.83.66.164', 443)","('10.3.141.106', 49326)",[28]
2024-03-27,15:54:03,"('3.83.66.164', 443)","('10.3.141.106', 49326)",[56]
2024-03-27,15:54:03,"('10.3.141.106', 49326)","('3.83.66.164', 443)",[28]
2024-03-27,15:54:03,"('10.3.141.106', 49326)","('3.83.66.164', 443)",[60]
2024-03-27,15:54:32,"('3.83.66.164', 443)","('10.3.141.106', 49326)",[28]
2024-03-27,15:54:32,"('3.83.66.164', 443)","('10.3.141.106', 49326)",[56]
2024-03-27,15:54:32,"('10.3.141.106', 49326)","('3.83.66.164', 443)","[28, 60]"
2024-03-27,15:55:01,"('3.83.66.164', 443)","('10.3.141.106', 49326)",[28]
2024-03-27,15:55:01,"('3.83.66.164', 443)","('10.3.141.106', 49326)",[56]
2024-03-27,15:55:01,"('10.3.141.106', 49326)","('3.83.66.164', 443)","[28, 60]"
2024-03-27,15:55:30,"('3.83.66.164', 443)","('10.3.141.106', 49326)",[28]
2024-03-27,15:55:30,"('3.83.66.164', 443)","('10.3.141.106', 49326)",[56]
2024-03-27,15:55:30,"('10.3.141.106', 49326)","('3.83.66.164', 443)","[28, 60]"
2024-03-27,15:55:59,"('3.83.66.164', 443)","('10.3.141.106', 49326)",[28]
2024-03-27,15:55:59,"('3.83.66.164', 443)","('10.3.141.106', 49326)",[56]
2024-03-27,15:55:59,"('10.3.141.106', 49326)","('3.83.66.164', 443)","[28, 60]"
2024-03-27,15:56:28,"('3.83.66.164', 443)","('10.3.141.106', 49326)",[28]
2024-03-27,15:56:28,"('3.83.66.164', 443)","('10.3.141.106', 49326)",[56]
2024-03-27,15:56:28,"('10.3.141.106', 49326)","('3.83.66.164', 443)","[28, 60]"
2024-03-27,15:56:57,"('3.83.66.164', 443)","('10.3.141.106', 49326)",[28]
2024-03-27,15:56:57,"('3.83.66.164', 443)","('10.3.141.106', 49326)",[56]
2024-03-27,15:56:57,"('10.3.141.106', 49326)","('3.83.66.164', 443)","[28, 60]"
2024-03-27,15:57:26,"('3.83.66.164', 443)","('10.3.141.106', 49326)",[28]
2024-03-27,15:57:26,"('3.83.66.164', 443)","('10.3.141.106', 49326)",[56]
2024-03-27,15:57:26,"('10.3.141.106', 49326)","('3.83.66.164', 443)","[28, 60]"
2024-03-27,15:57:55,"('3.83.66.164', 443)","('10.3.141.106', 49326)",[28]
2024-03-27,15:57:55,"('3.83.66.164', 443)","('10.3.141.106', 49326)",[56]
2024-03-27,15:57:55,"('10.3.141.106', 49326)","('3.83.66.164', 443)",[28]
2024-03-27,15:57:55,"('10.3.141.106', 49326)","('3.83.66.164', 443)",[60]
2024-03-27,15:58:24,"('3.83.66.164', 443)","('10.3.141.106', 49326)",[28]
2024-03-27,15:58:24,"('3.83.66.164', 443)","('10.3.141.106', 49326)",[56]
2024-03-27,15:58:24,"('10.3.141.106', 49326)","('3.83.66.164', 443)","[28, 60]"
2024-03-27,15:58:53,"('3.83.66.164', 443)","('10.3.141.106', 49326)",[28]
2024-03-27,15:58:53,"('3.83.66.164', 443)","('10.3.141.106', 49326)",[56]
2024-03-27,15:58:53,"('10.3.141.106', 49326)","('3.83.66.164', 443)","[28, 60]"
2024-03-27,15:59:22,"('3.83.66.164', 443)","('10.3.141.106', 49326)",[28]
2024-03-27,15:59:22,"('3.83.66.164', 443)","('10.3.141.106', 49326)",[56]
2024-03-27,15:59:22,"('10.3.141.106', 49326)","('3.83.66.164', 443)","[28, 60]"
2024-03-27,15:59:53,"('3.83.66.164', 443)","('10.3.141.106', 49326)","[28, 56]"
2024-03-27,15:59:53,"('10.3.141.106', 49326)","('3.83.66.164', 443)","[28, 60]"
2024-03-27,16:00:20,"('3.83.66.164', 443)","('10.3.141.106', 49326)",[28]
2024-03-27,16:00:20,"('3.83.66.164', 443)","('10.3.141.106', 49326)",[56]
2024-03-27,16:00:20,"('10.3.141.106', 49326)","('3.83.66.164', 443)","[28, 60]"
2024-03-27,16:00:49,"('3.83.66.164', 443)","('10.3.141.106', 49326)",[28]
2024-03-27,16:00:49,"('3.83.66.164', 443)","('10.3.141.106', 49326)",[56]
2024-03-27,16:00:49,"('10.3.141.106', 49326)","('3.83.66.164', 443)","[28, 60]"
2024-03-27,16:01:18,"('3.83.66.164', 443)","('10.3.141.106', 49326)",[28]
2024-03-27,16:01:18,"('3.83.66.164', 443)","('10.3.141.106', 49326)",[56]
2024-03-27,16:01:18,"('10.3.141.106', 49326)","('3.83.66.164', 443)","[28, 60]"
2024-03-27,16:01:47,"('3.83.66.164', 443)","('10.3.141.106', 49326)",[28]
2024-03-27,16:01:47,"('3.83.66.164', 443)","('10.3.141.106', 49326)",[56]
2024-03-27,16:01:47,"('10.3.141.106', 49326)","('3.83.66.164', 443)","[28, 60]"
2024-03-27,16:02:16,"('3.83.66.164', 443)","('10.3.141.106', 49326)",[28]
2024-03-27,16:02:16,"('3.83.66.164', 443)","('10.3.141.106', 49326)",[56]
2024-03-27,16:02:16,"('10.3.141.106', 49326)","('3.83.66.164', 443)","[28, 60]"
2024-03-27,16:02:45,"('3.83.66.164', 443)","('10.3.141.106', 49326)",[28]
2024-03-27,16:02:45,"('3.83.66.164', 443)","('10.3.141.106', 49326)",[56]
2024-03-27,16:02:45,"('10.3.141.106', 49326)","('3.83.66.164', 443)","[28, 60]"
2024-03-27,16:03:14,"('3.83.66.164', 443)","('10.3.141.106', 49326)",[28]
2024-03-27,16:03:14,"('3.83.66.164', 443)","('10.3.141.106', 49326)",[56]
2024-03-27,16:03:14,"('10.3.141.106', 49326)","('3.83.66.164', 443)","[28, 60]"
2024-03-27,16:03:43,"('3.83.66.164', 443)","('10.3.141.106', 49326)",[28]
2024-03-27,16:03:43,"('3.83.66.164', 443)","('10.3.141.106', 49326)",[56]
2024-03-27,16:03:43,"('10.3.141.106', 49326)","('3.83.66.164', 443)","[28, 60]"
2024-03-27,16:04:12,"('3.83.66.164', 443)","('10.3.141.106', 49326)",[28]
2024-03-27,16:04:12,"('3.83.66.164', 443)","('10.3.141.106', 49326)",[56]
2024-03-27,16:04:12,"('10.3.141.106', 49326)","('3.83.66.164', 443)","[28, 60]"
2024-03-27,16:04:41,"('3.83.66.164', 443)","('10.3.141.106', 49326)",[28]
2024-03-27,16:04:41,"('3.83.66.164', 443)","('10.3.141.106', 49326)",[56]
2024-03-27,16:04:41,"('10.3.141.106', 49326)","('3.83.66.164', 443)","[28, 60]"
2024-03-27,16:05:10,"('3.83.66.164', 443)","('10.3.141.106', 49326)",[28]
2024-03-27,16:05:10,"('3.83.66.164', 443)","('10.3.141.106', 49326)",[56]
2024-03-27,16:05:10,"('10.3.141.106', 49326)","('3.83.66.164', 443)","[28, 60]"
2024-03-27,16:05:39,"('3.83.66.164', 443)","('10.3.141.106', 49326)",[28]
2024-03-27,16:05:39,"('3.83.66.164', 443)","('10.3.141.106', 49326)",[56]
2024-03-27,16:05:39,"('10.3.141.106', 49326)","('3.83.66.164', 443)","[28, 60]"
2024-03-27,16:06:08,"('3.83.66.164', 443)","('10.3.141.106', 49326)",[28]
2024-03-27,16:06:08,"('3.83.66.164', 443)","('10.3.141.106', 49326)",[56]
2024-03-27,16:06:08,"('10.3.141.106', 49326)","('3.83.66.164', 443)","[28, 60]"
2024-03-27,16:06:37,"('3.83.66.164', 443)","('10.3.141.106', 49326)",[28]
2024-03-27,16:06:37,"('3.83.66.164', 443)","('10.3.141.106', 49326)",[56]
2024-03-27,16:06:37,"('10.3.141.106', 49326)","('3.83.66.164', 443)","[28, 60]"
2024-03-27,16:06:44,"('54.76.70.29', 443)","('10.3.141.126', 50360)",[501]
2024-03-27,16:06:44,"('54.76.70.29', 443)","('10.3.141.126', 50356)",[590]
2024-03-27,16:06:44,"('10.3.141.126', 50360)","('54.76.70.29', 443)",[690]
2024-03-27,16:06:44,"('10.3.141.126', 50360)","('54.76.70.29', 443)",[29]
2024-03-27,16:06:44,"('10.3.141.126', 50356)","('54.76.70.29', 443)",[690]
2024-03-27,16:06:44,"('10.3.141.126', 50356)","('54.76.70.29', 443)",[29]
2024-03-27,16:07:06,"('3.83.66.164', 443)","('10.3.141.106', 49326)",[28]
2024-03-27,16:07:06,"('3.83.66.164', 443)","('10.3.141.106', 49326)",[56]
2024-03-27,16:07:06,"('10.3.141.106', 49326)","('3.83.66.164', 443)",[28]
2024-03-27,16:07:06,"('10.3.141.106', 49326)","('3.83.66.164', 443)",[60]
2024-03-27,16:07:35,"('3.83.66.164', 443)","('10.3.141.106', 49326)",[28]
2024-03-27,16:07:35,"('3.83.66.164', 443)","('10.3.141.106', 49326)",[56]
2024-03-27,16:07:35,"('10.3.141.106', 49326)","('3.83.66.164', 443)",[28]
2024-03-27,16:07:35,"('10.3.141.106', 49326)","('3.83.66.164', 443)",[60]
2024-03-27,16:08:04,"('3.83.66.164', 443)","('10.3.141.106', 49326)",[28]
2024-03-27,16:08:04,"('3.83.66.164', 443)","('10.3.141.106', 49326)",[56]
2024-03-27,16:08:04,"('10.3.141.106', 49326)","('3.83.66.164', 443)",[28]
2024-03-27,16:08:04,"('10.3.141.106', 49326)","('3.83.66.164', 443)",[60]
2024-03-27,16:08:33,"('3.83.66.164', 443)","('10.3.141.106', 49326)",[28]
2024-03-27,16:08:33,"('3.83.66.164', 443)","('10.3.141.106', 49326)",[56]
2024-03-27,16:08:33,"('10.3.141.106', 49326)","('3.83.66.164', 443)",[28]
2024-03-27,16:08:33,"('10.3.141.106', 49326)","('3.83.66.164', 443)",[60]
2024-03-27,16:09:02,"('3.83.66.164', 443)","('10.3.141.106', 49326)",[28]
2024-03-27,16:09:02,"('3.83.66.164', 443)","('10.3.141.106', 49326)",[56]
2024-03-27,16:09:02,"('10.3.141.106', 49326)","('3.83.66.164', 443)",[28]
2024-03-27,16:09:02,"('10.3.141.106', 49326)","('3.83.66.164', 443)",[60]
2024-03-27,16:09:31,"('3.83.66.164', 443)","('10.3.141.106', 49326)",[28]
2024-03-27,16:09:31,"('3.83.66.164', 443)","('10.3.141.106', 49326)",[56]
2024-03-27,16:09:31,"('10.3.141.106', 49326)","('3.83.66.164', 443)",[28]
2024-03-27,16:09:31,"('10.3.141.106', 49326)","('3.83.66.164', 443)",[60]
2024-03-27,16:10:00,"('3.83.66.164', 443)","('10.3.141.106', 49326)",[28]
2024-03-27,16:10:00,"('3.83.66.164', 443)","('10.3.141.106', 49326)",[56]
2024-03-27,16:10:00,"('10.3.141.106', 49326)","('3.83.66.164', 443)",[28]
2024-03-27,16:10:00,"('10.3.141.106', 49326)","('3.83.66.164', 443)",[60]
2024-03-27,16:10:29,"('3.83.66.164', 443)","('10.3.141.106', 49326)",[28]
2024-03-27,16:10:29,"('3.83.66.164', 443)","('10.3.141.106', 49326)",[56]
2024-03-27,16:10:29,"('10.3.141.106', 49326)","('3.83.66.164', 443)",[28]
2024-03-27,16:10:29,"('10.3.141.106', 49326)","('3.83.66.164', 443)",[60]
2024-03-27,16:10:58,"('3.83.66.164', 443)","('10.3.141.106', 49326)",[28]
2024-03-27,16:10:58,"('3.83.66.164', 443)","('10.3.141.106', 49326)",[56]
2024-03-27,16:10:58,"('10.3.141.106', 49326)","('3.83.66.164', 443)","[28, 60]"
2024-03-27,16:11:27,"('3.83.66.164', 443)","('10.3.141.106', 49326)",[28]
2024-03-27,16:11:27,"('3.83.66.164', 443)","('10.3.141.106', 49326)",[56]
2024-03-27,16:11:27,"('10.3.141.106', 49326)","('3.83.66.164', 443)","[28, 60]"
2024-03-27,16:11:43,"('3.83.66.164', 443)","('10.3.141.106', 49326)",[28]
2024-03-27,16:11:43,"('3.83.66.164', 443)","('10.3.141.106', 49326)",[504]
2024-03-27,16:11:57,"('3.83.66.164', 443)","('10.3.141.106', 49326)","[28, 56]"
2024-03-27,16:11:57,"('10.3.141.106', 49326)","('3.83.66.164', 443)","[28, 60]"
2024-03-27,16:12:25,"('3.83.66.164', 443)","('10.3.141.106', 49326)",[28]
2024-03-27,16:12:25,"('3.83.66.164', 443)","('10.3.141.106', 49326)",[56]
2024-03-27,16:12:25,"('10.3.141.106', 49326)","('3.83.66.164', 443)","[28, 60]"
2024-03-27,16:12:54,"('3.83.66.164', 443)","('10.3.141.106', 49326)",[28]
2024-03-27,16:12:54,"('3.83.66.164', 443)","('10.3.141.106', 49326)",[56]
2024-03-27,16:12:54,"('10.3.141.106', 49326)","('3.83.66.164', 443)","[28, 60]"
2024-03-27,16:13:23,"('3.83.66.164', 443)","('10.3.141.106', 49326)",[28]
2024-03-27,16:13:23,"('3.83.66.164', 443)","('10.3.141.106', 49326)",[56]
2024-03-27,16:13:23,"('10.3.141.106', 49326)","('3.83.66.164', 443)","[28, 60]"
2024-03-27,16:13:52,"('3.83.66.164', 443)","('10.3.141.106', 49326)",[28]
2024-03-27,16:13:52,"('3.83.66.164', 443)","('10.3.141.106', 49326)",[56]
2024-03-27,16:13:52,"('10.3.141.106', 49326)","('3.83.66.164', 443)","[28, 60]"
2024-03-27,16:14:21,"('3.83.66.164', 443)","('10.3.141.106', 49326)",[28]
2024-03-27,16:14:21,"('3.83.66.164', 443)","('10.3.141.106', 49326)",[56]
2024-03-27,16:14:21,"('10.3.141.106', 49326)","('3.83.66.164', 443)","[28, 60]"
2024-03-27,16:14:50,"('3.83.66.164', 443)","('10.3.141.106', 49326)",[28]
2024-03-27,16:14:50,"('3.83.66.164', 443)","('10.3.141.106', 49326)",[56]
2024-03-27,16:14:50,"('10.3.141.106', 49326)","('3.83.66.164', 443)","[28, 60]"
2024-03-27,16:15:19,"('3.83.66.164', 443)","('10.3.141.106', 49326)",[28]
2024-03-27,16:15:19,"('3.83.66.164', 443)","('10.3.141.106', 49326)",[56]
2024-03-27,16:15:19,"('10.3.141.106', 49326)","('3.83.66.164', 443)","[28, 60]"
2024-03-27,16:15:48,"('3.83.66.164', 443)","('10.3.141.106', 49326)",[28]
2024-03-27,16:15:48,"('3.83.66.164', 443)","('10.3.141.106', 49326)",[56]
2024-03-27,16:15:48,"('10.3.141.106', 49326)","('3.83.66.164', 443)","[28, 60]"
2024-03-27,16:16:17,"('3.83.66.164', 443)","('10.3.141.106', 49326)",[28]
2024-03-27,16:16:17,"('3.83.66.164', 443)","('10.3.141.106', 49326)",[56]
2024-03-27,16:16:17,"('10.3.141.106', 49326)","('3.83.66.164', 443)","[28, 60]"
2024-03-27,16:16:46,"('3.83.66.164', 443)","('10.3.141.106', 49326)",[28]
2024-03-27,16:16:46,"('3.83.66.164', 443)","('10.3.141.106', 49326)",[56]
2024-03-27,16:16:46,"('10.3.141.106', 49326)","('3.83.66.164', 443)","[28, 60]"
2024-03-27,16:17:15,"('3.83.66.164', 443)","('10.3.141.106', 49326)",[28]
2024-03-27,16:17:15,"('3.83.66.164', 443)","('10.3.141.106', 49326)",[56]
2024-03-27,16:17:15,"('10.3.141.106', 49326)","('3.83.66.164', 443)","[28, 60]"
2024-03-27,16:17:44,"('3.83.66.164', 443)","('10.3.141.106', 49326)",[28]
2024-03-27,16:17:44,"('3.83.66.164', 443)","('10.3.141.106', 49326)",[56]
2024-03-27,16:17:44,"('10.3.141.106', 49326)","('3.83.66.164', 443)","[28, 60]"
2024-03-27,16:18:13,"('3.83.66.164', 443)","('10.3.141.106', 49326)",[28]
2024-03-27,16:18:13,"('3.83.66.164', 443)","('10.3.141.106', 49326)",[56]
2024-03-27,16:18:13,"('10.3.141.106', 49326)","('3.83.66.164', 443)","[28, 60]"
2024-03-27,16:18:42,"('3.83.66.164', 443)","('10.3.141.106', 49326)",[28]
2024-03-27,16:18:42,"('3.83.66.164', 443)","('10.3.141.106', 49326)",[56]
2024-03-27,16:18:42,"('10.3.141.106', 49326)","('3.83.66.164', 443)","[28, 60]"
2024-03-27,16:19:11,"('3.83.66.164', 443)","('10.3.141.106', 49326)",[28]
2024-03-27,16:19:11,"('3.83.66.164', 443)","('10.3.141.106', 49326)",[56]
2024-03-27,16:19:11,"('10.3.141.106', 49326)","('3.83.66.164', 443)","[28, 60]"
2024-03-27,16:19:40,"('3.83.66.164', 443)","('10.3.141.106', 49326)",[28]
2024-03-27,16:19:40,"('3.83.66.164', 443)","('10.3.141.106', 49326)",[56]
2024-03-27,16:19:40,"('10.3.141.106', 49326)","('3.83.66.164', 443)","[28, 60]"
2024-03-27,16:20:09,"('3.83.66.164', 443)","('10.3.141.106', 49326)",[28]
2024-03-27,16:20:09,"('3.83.66.164', 443)","('10.3.141.106', 49326)",[56]
2024-03-27,16:20:09,"('10.3.141.106', 49326)","('3.83.66.164', 443)","[28, 60]"
2024-03-27,16:20:38,"('3.83.66.164', 443)","('10.3.141.106', 49326)",[28]
2024-03-27,16:20:38,"('3.83.66.164', 443)","('10.3.141.106', 49326)",[56]
2024-03-27,16:20:38,"('10.3.141.106', 49326)","('3.83.66.164', 443)","[28, 60]"
2024-03-27,16:21:07,"('3.83.66.164', 443)","('10.3.141.106', 49326)",[28]
2024-03-27,16:21:07,"('3.83.66.164', 443)","('10.3.141.106', 49326)",[56]
2024-03-27,16:21:07,"('10.3.141.106', 49326)","('3.83.66.164', 443)","[28, 60]"
2024-03-27,16:21:36,"('3.83.66.164', 443)","('10.3.141.106', 49326)",[28]
2024-03-27,16:21:36,"('3.83.66.164', 443)","('10.3.141.106', 49326)",[56]
2024-03-27,16:21:36,"('10.3.141.106', 49326)","('3.83.66.164', 443)",[28]
2024-03-27,16:21:36,"('10.3.141.106', 49326)","('3.83.66.164', 443)",[60]
2024-03-27,16:22:05,"('3.83.66.164', 443)","('10.3.141.106', 49326)",[28]
2024-03-27,16:22:05,"('3.83.66.164', 443)","('10.3.141.106', 49326)",[56]
2024-03-27,16:22:05,"('10.3.141.106', 49326)","('3.83.66.164', 443)",[28]
2024-03-27,16:22:05,"('10.3.141.106', 49326)","('3.83.66.164', 443)",[60]
2024-03-27,16:22:34,"('3.83.66.164', 443)","('10.3.141.106', 49326)",[28]
2024-03-27,16:22:34,"('3.83.66.164', 443)","('10.3.141.106', 49326)",[56]
2024-03-27,16:22:34,"('10.3.141.106', 49326)","('3.83.66.164', 443)","[28, 60]"
2024-03-27,16:23:03,"('3.83.66.164', 443)","('10.3.141.106', 49326)",[28]
2024-03-27,16:23:03,"('3.83.66.164', 443)","('10.3.141.106', 49326)",[56]
2024-03-27,16:23:03,"('10.3.141.106', 49326)","('3.83.66.164', 443)","[28, 60]"
2024-03-27,16:23:32,"('3.83.66.164', 443)","('10.3.141.106', 49326)",[28]
2024-03-27,16:23:32,"('3.83.66.164', 443)","('10.3.141.106', 49326)",[56]
2024-03-27,16:23:32,"('10.3.141.106', 49326)","('3.83.66.164', 443)","[28, 60]"
2024-03-27,16:24:01,"('3.83.66.164', 443)","('10.3.141.106', 49326)",[28]
2024-03-27,16:24:01,"('3.83.66.164', 443)","('10.3.141.106', 49326)",[56]
2024-03-27,16:24:01,"('10.3.141.106', 49326)","('3.83.66.164', 443)","[28, 60]"
2024-03-27,16:24:30,"('3.83.66.164', 443)","('10.3.141.106', 49326)",[28]
2024-03-27,16:24:30,"('3.83.66.164', 443)","('10.3.141.106', 49326)",[56]
2024-03-27,16:24:30,"('10.3.141.106', 49326)","('3.83.66.164', 443)","[28, 60]"
2024-03-27,16:24:59,"('3.83.66.164', 443)","('10.3.141.106', 49326)",[28]
2024-03-27,16:24:59,"('3.83.66.164', 443)","('10.3.141.106', 49326)",[56]
2024-03-27,16:24:59,"('10.3.141.106', 49326)","('3.83.66.164', 443)","[28, 60]"
2024-03-27,16:25:28,"('3.83.66.164', 443)","('10.3.141.106', 49326)",[28]
2024-03-27,16:25:28,"('3.83.66.164', 443)","('10.3.141.106', 49326)",[56]
2024-03-27,16:25:28,"('10.3.141.106', 49326)","('3.83.66.164', 443)","[28, 60]"
2024-03-27,16:25:59,"('3.83.66.164', 443)","('10.3.141.106', 49326)","[28, 56]"
2024-03-27,16:25:59,"('10.3.141.106', 49326)","('3.83.66.164', 443)","[28, 60]"
2024-03-27,16:26:26,"('3.83.66.164', 443)","('10.3.141.106', 49326)",[28]
2024-03-27,16:26:26,"('3.83.66.164', 443)","('10.3.141.106', 49326)",[56]
2024-03-27,16:26:26,"('10.3.141.106', 49326)","('3.83.66.164', 443)","[28, 60]"
2024-03-27,16:26:54,"('52.49.77.114', 443)","('10.3.141.126', 48520)",[590]
2024-03-27,16:26:54,"('52.49.77.114', 443)","('10.3.141.126', 48532)",[501]
2024-03-27,16:26:54,"('10.3.141.126', 48520)","('52.49.77.114', 443)",[690]
2024-03-27,16:26:54,"('10.3.141.126', 48520)","('52.49.77.114', 443)",[29]
2024-03-27,16:26:55,"('10.3.141.126', 48532)","('52.49.77.114', 443)",[690]
2024-03-27,16:26:55,"('10.3.141.126', 48532)","('52.49.77.114', 443)",[29]
2024-03-27,16:26:55,"('3.83.66.164', 443)","('10.3.141.106', 49326)",[28]
2024-03-27,16:26:55,"('3.83.66.164', 443)","('10.3.141.106', 49326)",[56]
2024-03-27,16:26:55,"('10.3.141.106', 49326)","('3.83.66.164', 443)","[28, 60]"
2024-03-27,16:27:24,"('3.83.66.164', 443)","('10.3.141.106', 49326)",[28]
2024-03-27,16:27:24,"('3.83.66.164', 443)","('10.3.141.106', 49326)",[56]
2024-03-27,16:27:24,"('10.3.141.106', 49326)","('3.83.66.164', 443)","[28, 60]"
2024-03-27,16:27:53,"('3.83.66.164', 443)","('10.3.141.106', 49326)",[28]
2024-03-27,16:27:53,"('3.83.66.164', 443)","('10.3.141.106', 49326)",[56]
2024-03-27,16:27:53,"('10.3.141.106', 49326)","('3.83.66.164', 443)","[28, 60]"
2024-03-27,16:28:22,"('3.83.66.164', 443)","('10.3.141.106', 49326)",[28]
2024-03-27,16:28:22,"('3.83.66.164', 443)","('10.3.141.106', 49326)",[56]
2024-03-27,16:28:22,"('10.3.141.106', 49326)","('3.83.66.164', 443)","[28, 60]"
2024-03-27,16:28:51,"('3.83.66.164', 443)","('10.3.141.106', 49326)",[28]
2024-03-27,16:28:51,"('3.83.66.164', 443)","('10.3.141.106', 49326)",[56]
2024-03-27,16:28:51,"('10.3.141.106', 49326)","('3.83.66.164', 443)",[28]
2024-03-27,16:28:51,"('10.3.141.106', 49326)","('3.83.66.164', 443)",[60]
2024-03-27,16:29:20,"('3.83.66.164', 443)","('10.3.141.106', 49326)",[28]
2024-03-27,16:29:20,"('3.83.66.164', 443)","('10.3.141.106', 49326)",[56]
2024-03-27,16:29:20,"('10.3.141.106', 49326)","('3.83.66.164', 443)","[28, 60]"
2024-03-27,16:29:49,"('3.83.66.164', 443)","('10.3.141.106', 49326)",[28]
2024-03-27,16:29:49,"('3.83.66.164', 443)","('10.3.141.106', 49326)",[56]
2024-03-27,16:29:49,"('10.3.141.106', 49326)","('3.83.66.164', 443)","[28, 60]"
2024-03-27,16:30:18,"('3.83.66.164', 443)","('10.3.141.106', 49326)",[28]
2024-03-27,16:30:18,"('3.83.66.164', 443)","('10.3.141.106', 49326)",[56]
2024-03-27,16:30:18,"('10.3.141.106', 49326)","('3.83.66.164', 443)",[28]
2024-03-27,16:30:18,"('10.3.141.106', 49326)","('3.83.66.164', 443)",[60]
2024-03-27,16:30:47,"('3.83.66.164', 443)","('10.3.141.106', 49326)",[28]
2024-03-27,16:30:47,"('3.83.66.164', 443)","('10.3.141.106', 49326)",[56]
2024-03-27,16:30:47,"('10.3.141.106', 49326)","('3.83.66.164', 443)","[28, 60]"
2024-03-27,16:31:16,"('3.83.66.164', 443)","('10.3.141.106', 49326)",[28]
2024-03-27,16:31:16,"('3.83.66.164', 443)","('10.3.141.106', 49326)",[56]
2024-03-27,16:31:16,"('10.3.141.106', 49326)","('3.83.66.164', 443)","[28, 60]"
2024-03-27,16:31:45,"('3.83.66.164', 443)","('10.3.141.106', 49326)",[28]
2024-03-27,16:31:45,"('3.83.66.164', 443)","('10.3.141.106', 49326)",[56]
2024-03-27,16:31:45,"('10.3.141.106', 49326)","('3.83.66.164', 443)",[28]
2024-03-27,16:31:45,"('10.3.141.106', 49326)","('3.83.66.164', 443)",[60]
2024-03-27,16:32:14,"('3.83.66.164', 443)","('10.3.141.106', 49326)",[28]
2024-03-27,16:32:14,"('3.83.66.164', 443)","('10.3.141.106', 49326)",[56]
2024-03-27,16:32:14,"('10.3.141.106', 49326)","('3.83.66.164', 443)",[28]
2024-03-27,16:32:14,"('10.3.141.106', 49326)","('3.83.66.164', 443)",[60]
2024-03-27,16:32:43,"('3.83.66.164', 443)","('10.3.141.106', 49326)",[28]
2024-03-27,16:32:43,"('3.83.66.164', 443)","('10.3.141.106', 49326)",[56]
2024-03-27,16:32:43,"('10.3.141.106', 49326)","('3.83.66.164', 443)","[28, 60]"
2024-03-27,16:33:12,"('3.83.66.164', 443)","('10.3.141.106', 49326)",[28]
2024-03-27,16:33:12,"('3.83.66.164', 443)","('10.3.141.106', 49326)",[56]
2024-03-27,16:33:12,"('10.3.141.106', 49326)","('3.83.66.164', 443)",[28]
2024-03-27,16:33:12,"('10.3.141.106', 49326)","('3.83.66.164', 443)",[60]
2024-03-27,16:33:41,"('3.83.66.164', 443)","('10.3.141.106', 49326)",[28]
2024-03-27,16:33:41,"('3.83.66.164', 443)","('10.3.141.106', 49326)",[56]
2024-03-27,16:33:41,"('10.3.141.106', 49326)","('3.83.66.164', 443)",[28]
2024-03-27,16:33:41,"('10.3.141.106', 49326)","('3.83.66.164', 443)",[60]
2024-03-27,16:34:10,"('3.83.66.164', 443)","('10.3.141.106', 49326)",[28]
2024-03-27,16:34:10,"('3.83.66.164', 443)","('10.3.141.106', 49326)",[56]
2024-03-27,16:34:10,"('10.3.141.106', 49326)","('3.83.66.164', 443)","[28, 60]"
2024-03-27,16:34:39,"('3.83.66.164', 443)","('10.3.141.106', 49326)",[28]
2024-03-27,16:34:39,"('3.83.66.164', 443)","('10.3.141.106', 49326)",[56]
2024-03-27,16:34:39,"('10.3.141.106', 49326)","('3.83.66.164', 443)","[28, 60]"
2024-03-27,16:34:41,"('3.83.66.164', 443)","('10.3.141.106', 49326)",[28]
2024-03-27,16:34:41,"('3.83.66.164', 443)","('10.3.141.106', 49326)",[504]
2024-03-27,16:35:08,"('3.83.66.164', 443)","('10.3.141.106', 49326)",[28]
2024-03-27,16:35:08,"('3.83.66.164', 443)","('10.3.141.106', 49326)",[56]
2024-03-27,16:35:08,"('10.3.141.106', 49326)","('3.83.66.164', 443)","[28, 60]"
2024-03-27,16:35:37,"('3.83.66.164', 443)","('10.3.141.106', 49326)",[28]
2024-03-27,16:35:37,"('3.83.66.164', 443)","('10.3.141.106', 49326)",[56]
2024-03-27,16:35:37,"('10.3.141.106', 49326)","('3.83.66.164', 443)","[28, 60]"
2024-03-27,16:36:06,"('3.83.66.164', 443)","('10.3.141.106', 49326)",[28]
2024-03-27,16:36:06,"('3.83.66.164', 443)","('10.3.141.106', 49326)",[56]
2024-03-27,16:36:06,"('10.3.141.106', 49326)","('3.83.66.164', 443)","[28, 60]"
2024-03-27,16:36:35,"('3.83.66.164', 443)","('10.3.141.106', 49326)",[28]
2024-03-27,16:36:35,"('3.83.66.164', 443)","('10.3.141.106', 49326)",[56]
2024-03-27,16:36:35,"('10.3.141.106', 49326)","('3.83.66.164', 443)","[28, 60]"
2024-03-27,16:37:04,"('3.83.66.164', 443)","('10.3.141.106', 49326)",[28]
2024-03-27,16:37:04,"('3.83.66.164', 443)","('10.3.141.106', 49326)",[56]
2024-03-27,16:37:04,"('10.3.141.106', 49326)","('3.83.66.164', 443)",[28]
2024-03-27,16:37:04,"('10.3.141.106', 49326)","('3.83.66.164', 443)",[60]
2024-03-27,16:37:33,"('3.83.66.164', 443)","('10.3.141.106', 49326)",[28]
2024-03-27,16:37:33,"('3.83.66.164', 443)","('10.3.141.106', 49326)",[56]
2024-03-27,16:37:33,"('10.3.141.106', 49326)","('3.83.66.164', 443)",[28]
2024-03-27,16:37:33,"('10.3.141.106', 49326)","('3.83.66.164', 443)",[60]
2024-03-27,16:38:02,"('3.83.66.164', 443)","('10.3.141.106', 49326)","[28, 56]"
2024-03-27,16:38:02,"('10.3.141.106', 49326)","('3.83.66.164', 443)","[28, 60]"
2024-03-27,16:38:31,"('3.83.66.164', 443)","('10.3.141.106', 49326)",[28]
2024-03-27,16:38:31,"('3.83.66.164', 443)","('10.3.141.106', 49326)",[56]
2024-03-27,16:38:31,"('10.3.141.106', 49326)","('3.83.66.164', 443)","[28, 60]"
2024-03-27,16:39:00,"('3.83.66.164', 443)","('10.3.141.106', 49326)",[28]
2024-03-27,16:39:00,"('3.83.66.164', 443)","('10.3.141.106', 49326)",[56]
2024-03-27,16:39:00,"('10.3.141.106', 49326)","('3.83.66.164', 443)","[28, 60]"
2024-03-27,16:39:29,"('3.83.66.164', 443)","('10.3.141.106', 49326)",[28]
2024-03-27,16:39:29,"('3.83.66.164', 443)","('10.3.141.106', 49326)",[56]
2024-03-27,16:39:29,"('10.3.141.106', 49326)","('3.83.66.164', 443)","[28, 60]"
2024-03-27,16:39:58,"('3.83.66.164', 443)","('10.3.141.106', 49326)",[28]
2024-03-27,16:39:58,"('3.83.66.164', 443)","('10.3.141.106', 49326)",[56]
2024-03-27,16:39:58,"('10.3.141.106', 49326)","('3.83.66.164', 443)","[28, 60]"
2024-03-27,16:40:27,"('3.83.66.164', 443)","('10.3.141.106', 49326)",[28]
2024-03-27,16:40:27,"('3.83.66.164', 443)","('10.3.141.106', 49326)",[56]
2024-03-27,16:40:27,"('10.3.141.106', 49326)","('3.83.66.164', 443)","[28, 60]"
2024-03-27,16:40:56,"('3.83.66.164', 443)","('10.3.141.106', 49326)",[28]
2024-03-27,16:40:56,"('3.83.66.164', 443)","('10.3.141.106', 49326)",[56]
2024-03-27,16:40:56,"('10.3.141.106', 49326)","('3.83.66.164', 443)","[28, 60]"
2024-03-27,16:41:25,"('3.83.66.164', 443)","('10.3.141.106', 49326)",[28]
2024-03-27,16:41:25,"('3.83.66.164', 443)","('10.3.141.106', 49326)",[56]
2024-03-27,16:41:25,"('10.3.141.106', 49326)","('3.83.66.164', 443)","[28, 60]"
2024-03-27,16:41:54,"('3.83.66.164', 443)","('10.3.141.106', 49326)",[28]
2024-03-27,16:41:54,"('3.83.66.164', 443)","('10.3.141.106', 49326)",[56]
2024-03-27,16:41:54,"('10.3.141.106', 49326)","('3.83.66.164', 443)","[28, 60]"
2024-03-27,16:42:23,"('3.83.66.164', 443)","('10.3.141.106', 49326)",[28]
2024-03-27,16:42:23,"('3.83.66.164', 443)","('10.3.141.106', 49326)",[56]
2024-03-27,16:42:23,"('10.3.141.106', 49326)","('3.83.66.164', 443)","[28, 60]"
2024-03-27,16:42:52,"('3.83.66.164', 443)","('10.3.141.106', 49326)",[28]
2024-03-27,16:42:52,"('3.83.66.164', 443)","('10.3.141.106', 49326)",[56]
2024-03-27,16:42:52,"('10.3.141.106', 49326)","('3.83.66.164', 443)","[28, 60]"
2024-03-27,16:43:21,"('3.83.66.164', 443)","('10.3.141.106', 49326)",[28]
2024-03-27,16:43:21,"('3.83.66.164', 443)","('10.3.141.106', 49326)",[56]
2024-03-27,16:43:21,"('10.3.141.106', 49326)","('3.83.66.164', 443)","[28, 60]"
2024-03-27,16:43:50,"('3.83.66.164', 443)","('10.3.141.106', 49326)",[28]
2024-03-27,16:43:50,"('3.83.66.164', 443)","('10.3.141.106', 49326)",[56]
2024-03-27,16:43:50,"('10.3.141.106', 49326)","('3.83.66.164', 443)","[28, 60]"
2024-03-27,16:44:19,"('3.83.66.164', 443)","('10.3.141.106', 49326)",[28]
2024-03-27,16:44:19,"('3.83.66.164', 443)","('10.3.141.106', 49326)",[56]
2024-03-27,16:44:19,"('10.3.141.106', 49326)","('3.83.66.164', 443)","[28, 60]"
2024-03-27,16:44:48,"('3.83.66.164', 443)","('10.3.141.106', 49326)",[28]
2024-03-27,16:44:48,"('3.83.66.164', 443)","('10.3.141.106', 49326)",[56]
2024-03-27,16:44:48,"('10.3.141.106', 49326)","('3.83.66.164', 443)","[28, 60]"
2024-03-27,16:45:17,"('3.83.66.164', 443)","('10.3.141.106', 49326)",[28]
2024-03-27,16:45:17,"('3.83.66.164', 443)","('10.3.141.106', 49326)",[56]
2024-03-27,16:45:17,"('10.3.141.106', 49326)","('3.83.66.164', 443)","[28, 60]"
2024-03-27,16:45:46,"('3.83.66.164', 443)","('10.3.141.106', 49326)",[28]
2024-03-27,16:45:46,"('3.83.66.164', 443)","('10.3.141.106', 49326)",[56]
2024-03-27,16:45:46,"('10.3.141.106', 49326)","('3.83.66.164', 443)","[28, 60]"
2024-03-27,16:46:15,"('3.83.66.164', 443)","('10.3.141.106', 49326)",[28]
2024-03-27,16:46:15,"('3.83.66.164', 443)","('10.3.141.106', 49326)",[56]
2024-03-27,16:46:15,"('10.3.141.106', 49326)","('3.83.66.164', 443)","[28, 60]"
2024-03-27,16:46:44,"('3.83.66.164', 443)","('10.3.141.106', 49326)",[28]
2024-03-27,16:46:44,"('3.83.66.164', 443)","('10.3.141.106', 49326)",[56]
2024-03-27,16:46:44,"('10.3.141.106', 49326)","('3.83.66.164', 443)","[28, 60]"
2024-03-27,16:47:05,"('52.49.77.114', 443)","('10.3.141.126', 55942)",[501]
2024-03-27,16:47:05,"('52.49.77.114', 443)","('10.3.141.126', 55936)",[590]
2024-03-27,16:47:05,"('10.3.141.126', 55942)","('52.49.77.114', 443)",[690]
2024-03-27,16:47:05,"('10.3.141.126', 55942)","('52.49.77.114', 443)",[29]
2024-03-27,16:47:05,"('10.3.141.126', 55936)","('52.49.77.114', 443)",[690]
2024-03-27,16:47:05,"('10.3.141.126', 55936)","('52.49.77.114', 443)",[29]
2024-03-27,16:47:13,"('3.83.66.164', 443)","('10.3.141.106', 49326)",[28]
2024-03-27,16:47:13,"('3.83.66.164', 443)","('10.3.141.106', 49326)",[56]
2024-03-27,16:47:13,"('10.3.141.106', 49326)","('3.83.66.164', 443)",[28]
2024-03-27,16:47:13,"('10.3.141.106', 49326)","('3.83.66.164', 443)",[60]
2024-03-27,16:47:42,"('3.83.66.164', 443)","('10.3.141.106', 49326)",[28]
2024-03-27,16:47:42,"('3.83.66.164', 443)","('10.3.141.106', 49326)",[56]
2024-03-27,16:47:42,"('10.3.141.106', 49326)","('3.83.66.164', 443)",[28]
2024-03-27,16:47:42,"('10.3.141.106', 49326)","('3.83.66.164', 443)",[60]
2024-03-27,16:48:11,"('3.83.66.164', 443)","('10.3.141.106', 49326)",[28]
2024-03-27,16:48:11,"('3.83.66.164', 443)","('10.3.141.106', 49326)",[56]
2024-03-27,16:48:11,"('10.3.141.106', 49326)","('3.83.66.164', 443)",[28]
2024-03-27,16:48:11,"('10.3.141.106', 49326)","('3.83.66.164', 443)",[60]
2024-03-27,16:48:40,"('3.83.66.164', 443)","('10.3.141.106', 49326)",[28]
2024-03-27,16:48:40,"('3.83.66.164', 443)","('10.3.141.106', 49326)",[56]
2024-03-27,16:48:40,"('10.3.141.106', 49326)","('3.83.66.164', 443)",[28]
2024-03-27,16:48:40,"('10.3.141.106', 49326)","('3.83.66.164', 443)",[60]
2024-03-27,16:49:09,"('3.83.66.164', 443)","('10.3.141.106', 49326)",[28]
2024-03-27,16:49:09,"('3.83.66.164', 443)","('10.3.141.106', 49326)",[56]
2024-03-27,16:49:09,"('10.3.141.106', 49326)","('3.83.66.164', 443)",[28]
2024-03-27,16:49:09,"('10.3.141.106', 49326)","('3.83.66.164', 443)",[60]
2024-03-27,16:49:38,"('3.83.66.164', 443)","('10.3.141.106', 49326)",[28]
2024-03-27,16:49:38,"('3.83.66.164', 443)","('10.3.141.106', 49326)",[56]
2024-03-27,16:49:38,"('10.3.141.106', 49326)","('3.83.66.164', 443)",[28]
2024-03-27,16:49:38,"('10.3.141.106', 49326)","('3.83.66.164', 443)",[60]
2024-03-27,16:49:38,"('3.83.66.164', 443)","('10.3.141.106', 49326)",[28]
2024-03-27,16:49:38,"('3.83.66.164', 443)","('10.3.141.106', 49326)",[504]
2024-03-27,16:50:07,"('3.83.66.164', 443)","('10.3.141.106', 49326)",[28]
2024-03-27,16:50:07,"('3.83.66.164', 443)","('10.3.141.106', 49326)",[56]
2024-03-27,16:50:07,"('10.3.141.106', 49326)","('3.83.66.164', 443)","[28, 60]"
2024-03-27,16:50:36,"('3.83.66.164', 443)","('10.3.141.106', 49326)",[28]
2024-03-27,16:50:36,"('3.83.66.164', 443)","('10.3.141.106', 49326)",[56]
2024-03-27,16:50:36,"('10.3.141.106', 49326)","('3.83.66.164', 443)","[28, 60]"
2024-03-27,16:51:05,"('3.83.66.164', 443)","('10.3.141.106', 49326)",[28]
2024-03-27,16:51:05,"('3.83.66.164', 443)","('10.3.141.106', 49326)",[56]
2024-03-27,16:51:05,"('10.3.141.106', 49326)","('3.83.66.164', 443)","[28, 60]"
2024-03-27,16:51:34,"('3.83.66.164', 443)","('10.3.141.106', 49326)",[28]
2024-03-27,16:51:34,"('3.83.66.164', 443)","('10.3.141.106', 49326)",[56]
2024-03-27,16:51:34,"('10.3.141.106', 49326)","('3.83.66.164', 443)","[28, 60]"
2024-03-27,16:52:04,"('3.83.66.164', 443)","('10.3.141.106', 49326)","[28, 56]"
2024-03-27,16:52:04,"('10.3.141.106', 49326)","('3.83.66.164', 443)","[28, 60]"
2024-03-27,16:52:32,"('3.83.66.164', 443)","('10.3.141.106', 49326)",[28]
2024-03-27,16:52:32,"('3.83.66.164', 443)","('10.3.141.106', 49326)",[56]
2024-03-27,16:52:32,"('10.3.141.106', 49326)","('3.83.66.164', 443)","[28, 60]"
2024-03-27,16:53:01,"('3.83.66.164', 443)","('10.3.141.106', 49326)",[28]
2024-03-27,16:53:01,"('3.83.66.164', 443)","('10.3.141.106', 49326)",[56]
2024-03-27,16:53:01,"('10.3.141.106', 49326)","('3.83.66.164', 443)","[28, 60]"
2024-03-27,16:53:30,"('3.83.66.164', 443)","('10.3.141.106', 49326)",[28]
2024-03-27,16:53:30,"('3.83.66.164', 443)","('10.3.141.106', 49326)",[56]
2024-03-27,16:53:30,"('10.3.141.106', 49326)","('3.83.66.164', 443)","[28, 60]"
2024-03-27,16:53:59,"('3.83.66.164', 443)","('10.3.141.106', 49326)",[28]
2024-03-27,16:53:59,"('3.83.66.164', 443)","('10.3.141.106', 49326)",[56]
2024-03-27,16:53:59,"('10.3.141.106', 49326)","('3.83.66.164', 443)","[28, 60]"
2024-03-27,16:54:28,"('3.83.66.164', 443)","('10.3.141.106', 49326)",[28]
2024-03-27,16:54:28,"('3.83.66.164', 443)","('10.3.141.106', 49326)",[56]
2024-03-27,16:54:28,"('10.3.141.106', 49326)","('3.83.66.164', 443)","[28, 60]"
2024-03-27,16:54:57,"('3.83.66.164', 443)","('10.3.141.106', 49326)",[28]
2024-03-27,16:54:57,"('3.83.66.164', 443)","('10.3.141.106', 49326)",[56]
2024-03-27,16:54:57,"('10.3.141.106', 49326)","('3.83.66.164', 443)","[28, 60]"
2024-03-27,16:55:26,"('3.83.66.164', 443)","('10.3.141.106', 49326)",[28]
2024-03-27,16:55:26,"('3.83.66.164', 443)","('10.3.141.106', 49326)",[56]
2024-03-27,16:55:26,"('10.3.141.106', 49326)","('3.83.66.164', 443)","[28, 60]"
2024-03-27,16:55:55,"('3.83.66.164', 443)","('10.3.141.106', 49326)",[28]
2024-03-27,16:55:55,"('3.83.66.164', 443)","('10.3.141.106', 49326)",[56]
2024-03-27,16:55:55,"('10.3.141.106', 49326)","('3.83.66.164', 443)","[28, 60]"
2024-03-27,16:56:24,"('3.83.66.164', 443)","('10.3.141.106', 49326)",[28]
2024-03-27,16:56:24,"('3.83.66.164', 443)","('10.3.141.106', 49326)",[56]
2024-03-27,16:56:24,"('10.3.141.106', 49326)","('3.83.66.164', 443)","[28, 60]"
2024-03-27,16:56:53,"('3.83.66.164', 443)","('10.3.141.106', 49326)",[28]
2024-03-27,16:56:53,"('3.83.66.164', 443)","('10.3.141.106', 49326)",[56]
2024-03-27,16:56:53,"('10.3.141.106', 49326)","('3.83.66.164', 443)","[28, 60]"
2024-03-27,16:57:22,"('3.83.66.164', 443)","('10.3.141.106', 49326)",[28]
2024-03-27,16:57:22,"('3.83.66.164', 443)","('10.3.141.106', 49326)",[56]
2024-03-27,16:57:22,"('10.3.141.106', 49326)","('3.83.66.164', 443)","[28, 60]"
2024-03-27,16:57:51,"('3.83.66.164', 443)","('10.3.141.106', 49326)",[28]
2024-03-27,16:57:51,"('3.83.66.164', 443)","('10.3.141.106', 49326)",[56]
2024-03-27,16:57:51,"('10.3.141.106', 49326)","('3.83.66.164', 443)","[28, 60]"
2024-03-27,16:58:20,"('3.83.66.164', 443)","('10.3.141.106', 49326)",[28]
2024-03-27,16:58:20,"('3.83.66.164', 443)","('10.3.141.106', 49326)",[56]
2024-03-27,16:58:20,"('10.3.141.106', 49326)","('3.83.66.164', 443)","[28, 60]"
2024-03-27,16:58:49,"('3.83.66.164', 443)","('10.3.141.106', 49326)",[28]
2024-03-27,16:58:49,"('3.83.66.164', 443)","('10.3.141.106', 49326)",[56]
2024-03-27,16:58:49,"('10.3.141.106', 49326)","('3.83.66.164', 443)","[28, 60]"
2024-03-27,16:59:18,"('3.83.66.164', 443)","('10.3.141.106', 49326)",[28]
2024-03-27,16:59:18,"('3.83.66.164', 443)","('10.3.141.106', 49326)",[56]
2024-03-27,16:59:18,"('10.3.141.106', 49326)","('3.83.66.164', 443)","[28, 60]"
2024-03-27,16:59:47,"('3.83.66.164', 443)","('10.3.141.106', 49326)",[28]
2024-03-27,16:59:47,"('3.83.66.164', 443)","('10.3.141.106', 49326)",[56]
2024-03-27,16:59:47,"('10.3.141.106', 49326)","('3.83.66.164', 443)","[28, 60]"
2024-03-27,17:00:16,"('3.83.66.164', 443)","('10.3.141.106', 49326)",[28]
2024-03-27,17:00:16,"('3.83.66.164', 443)","('10.3.141.106', 49326)",[56]
2024-03-27,17:00:16,"('10.3.141.106', 49326)","('3.83.66.164', 443)","[28, 60]"
2024-03-27,17:00:45,"('3.83.66.164', 443)","('10.3.141.106', 49326)",[28]
2024-03-27,17:00:45,"('3.83.66.164', 443)","('10.3.141.106', 49326)",[56]
2024-03-27,17:00:45,"('10.3.141.106', 49326)","('3.83.66.164', 443)",[28]
2024-03-27,17:00:45,"('10.3.141.106', 49326)","('3.83.66.164', 443)",[60]
2024-03-27,17:01:14,"('3.83.66.164', 443)","('10.3.141.106', 49326)",[28]
2024-03-27,17:01:14,"('3.83.66.164', 443)","('10.3.141.106', 49326)",[56]
2024-03-27,17:01:14,"('10.3.141.106', 49326)","('3.83.66.164', 443)",[28]
2024-03-27,17:01:14,"('10.3.141.106', 49326)","('3.83.66.164', 443)",[60]
2024-03-27,17:01:43,"('3.83.66.164', 443)","('10.3.141.106', 49326)",[28]
2024-03-27,17:01:43,"('3.83.66.164', 443)","('10.3.141.106', 49326)",[56]
2024-03-27,17:01:43,"('10.3.141.106', 49326)","('3.83.66.164', 443)",[28]
2024-03-27,17:01:43,"('10.3.141.106', 49326)","('3.83.66.164', 443)",[60]
2024-03-27,17:02:12,"('3.83.66.164', 443)","('10.3.141.106', 49326)",[28]
2024-03-27,17:02:12,"('3.83.66.164', 443)","('10.3.141.106', 49326)",[56]
2024-03-27,17:02:12,"('10.3.141.106', 49326)","('3.83.66.164', 443)",[28]
2024-03-27,17:02:12,"('10.3.141.106', 49326)","('3.83.66.164', 443)",[60]
2024-03-27,17:02:41,"('3.83.66.164', 443)","('10.3.141.106', 49326)",[28]
2024-03-27,17:02:41,"('3.83.66.164', 443)","('10.3.141.106', 49326)",[56]
2024-03-27,17:02:41,"('10.3.141.106', 49326)","('3.83.66.164', 443)",[28]
2024-03-27,17:02:41,"('10.3.141.106', 49326)","('3.83.66.164', 443)",[60]
2024-03-27,17:03:10,"('3.83.66.164', 443)","('10.3.141.106', 49326)",[28]
2024-03-27,17:03:10,"('3.83.66.164', 443)","('10.3.141.106', 49326)",[56]
2024-03-27,17:03:10,"('10.3.141.106', 49326)","('3.83.66.164', 443)",[28]
2024-03-27,17:03:10,"('10.3.141.106', 49326)","('3.83.66.164', 443)",[60]
2024-03-27,17:03:39,"('3.83.66.164', 443)","('10.3.141.106', 49326)",[28]
2024-03-27,17:03:39,"('3.83.66.164', 443)","('10.3.141.106', 49326)",[56]
2024-03-27,17:03:39,"('10.3.141.106', 49326)","('3.83.66.164', 443)",[28]
2024-03-27,17:03:39,"('10.3.141.106', 49326)","('3.83.66.164', 443)",[60]
2024-03-27,17:04:09,"('3.83.66.164', 443)","('10.3.141.106', 49326)","[28, 56]"
2024-03-27,17:04:09,"('10.3.141.106', 49326)","('3.83.66.164', 443)",[28]
2024-03-27,17:04:09,"('10.3.141.106', 49326)","('3.83.66.164', 443)",[60]
2024-03-27,17:04:12,"('3.83.66.164', 443)","('10.3.141.106', 49326)",[28]
2024-03-27,17:04:12,"('3.83.66.164', 443)","('10.3.141.106', 49326)",[504]
2024-03-27,17:04:37,"('3.83.66.164', 443)","('10.3.141.106', 49326)",[28]
2024-03-27,17:04:37,"('3.83.66.164', 443)","('10.3.141.106', 49326)",[56]
2024-03-27,17:04:37,"('10.3.141.106', 49326)","('3.83.66.164', 443)",[28]
2024-03-27,17:04:37,"('10.3.141.106', 49326)","('3.83.66.164', 443)",[60]
2024-03-27,17:05:06,"('3.83.66.164', 443)","('10.3.141.106', 49326)",[28]
2024-03-27,17:05:06,"('3.83.66.164', 443)","('10.3.141.106', 49326)",[56]
2024-03-27,17:05:06,"('10.3.141.106', 49326)","('3.83.66.164', 443)","[28, 60]"
2024-03-27,17:05:35,"('3.83.66.164', 443)","('10.3.141.106', 49326)",[28]
2024-03-27,17:05:35,"('3.83.66.164', 443)","('10.3.141.106', 49326)",[56]
2024-03-27,17:05:35,"('10.3.141.106', 49326)","('3.83.66.164', 443)",[28]
2024-03-27,17:05:35,"('10.3.141.106', 49326)","('3.83.66.164', 443)",[60]
